"","MOF.ID","VF","PLD","LCD","GSA","VSA","y_act","predicted"
"1","10",0.85,11.4,14.1,4856,2110,201.636215667,200.043537065165
"2","10010",0.93,14.8,27.7,7220,1249,189.3292609972,161.794481826553
"3","10028",0.96,21.8,41.3,7743,805,59.6419909775,66.8881005474982
"4","10039",0.96,24.7,44.5,8035,710,55.471280478,53.6004036132857
"5","10044",0.97,28.6,50.5,7157,578,27.4821265606,43.7104763342619
"6","1006",0.89,28.3,30,5129,1502,164.5334445169,166.488413896867
"7","10066",0.96,22.3,40.8,7346,813,81.3733749261,64.8940037757907
"8","10069",0.96,23.9,42.2,7970,765,71.6359130006,58.5114665011701
"9","10094",0.98,32.2,57,9589,494,27.1789296786,29.6102147490489
"10","10155",0.88,22.8,28.8,2871,913,61.0136388368,87.1027907284344
"11","10200",0.9,28.4,32.8,2911,805,69.1287804644,76.4318166075726
"12","10207",0.95,36.8,41,4415,720,50.2735325542,60.168004478468
"13","10211",0.95,42.1,47.8,3854,580,53.1964901192,55.1571199667416
"14","10247",0.88,26.4,30.6,2625,810,75.9869000936,83.1356355009685
"15","10255",0.94,35.8,40.1,4465,715,53.4667364913,74.9881519979575
"16","10265",0.95,40.2,48.5,3854,544,47.0890626958,55.6773617338913
"17","10267",0.86,20.6,26.1,2479,1013,89.0796435916,122.471942962126
"18","10288",0.87,21,26.4,2546,991,97.6988890515,102.063008169287
"19","10292",0.88,24.6,28.8,2657,868,78.6666673467,84.3541229169666
"20","10294",0.91,31.8,37.1,3103,701,63.7902292456,75.0522246274763
"21","10305",0.95,41.6,45.8,4610,606,45.0077068175,59.7246523851754
"22","10328",0.972585,52.8737,59.16515,5771.927978,440.522897,35.1602192004,60.99377208773
"23","1033",0.88,25.4,27.6,4138,1519,191.2080031617,170.953484082054
"24","10338",0.91,31.3,36.2,3107,734,65.9975107238,75.3767803612761
"25","10341",0.84,20.1,24.8,2104,1038,138.9467765571,120.556019656747
"26","10351",0.96,41.3,46.8,4981,621,47.5504734511,52.3050729067103
"27","104",0.43,4.9,7.1,601,556,91.4534146948,109.007024374212
"28","1048",0.6,11.6,12.7,847,1096,130.0239002453,128.876064515923
"29","1050",0.8,27.3,28.9,2249,1201,145.9866882733,148.795352570191
"30","1051",0.83,25.6,27.4,2610,1310,151.0248721548,165.832279887542
"31","1090",0.83,29.7,30.8,2253,1167,149.727576586,144.229504778428
"32","1091",0.83,29.5,29.8,2250,1208,155.7899931709,147.064819901719
"33","10921",0.94,29.8,32.6,5960,992,56.158583977,92.4116198484112
"34","10926",0.95,27.4,31.6,7553,1045,99.9315220676,90.0586100887713
"35","10930",0.93,25.5,26.6,5706,1282,172.5020169868,151.287529719719
"36","10931",0.95,29,31,5836,1032,120.3784875902,89.9150170046147
"37","10937",0.86,16.5,18.3,3980,1479,197.0303081944,192.419267382452
"38","10938",0.89,19.3,20.4,4615,1439,201.1709846324,186.854940253735
"39","10942",0.93,21.3,22.6,5959,1305,181.7555820353,170.968369130654
"40","10952",0.94,29,31,6252,1007,98.4381009774,89.3776065196987
"41","10960",0.95,30.2,32.3,7011,972,87.9152309291,88.0435161643852
"42","10973",0.97,38.2,41.7,6938,681,54.7972603165,54.6510101034208
"43","10979",0.88,21.6,22.9,4066,1458,193.5229773249,185.822426636985
"44","10990",0.89,18.4,20.3,5199,1580,200.9922153449,192.308914978847
"45","11006",0.89,16.1,18.3,4423,1579,203.3484653799,197.422936928609
"46","11009",0.87,21.4,22.7,3931,1347,191.288321543,184.391425987038
"47","11024",0.95,32.6,34.8,6205,967,97.7543139877,87.6658997454052
"48","11038",0.96,34.3,36.8,7201,838,72.220239166,67.1755641337758
"49","1104",0.84,24.2,26.1,3513,1467,188.603730033,176.873217268106
"50","11065",0.94,27.5,30.9,6200,1000,74.518665542,95.889418945885
"51","11085",0.93,18.7,30.6,5204,1143,58.8239952671,138.985535389979
"52","1109",0.92,32.6,34.8,5443,1357,154.0630920782,141.662586816705
"53","11091",0.93,20.7,33.8,5189,1098,150.4610507886,113.398970443349
"54","11092",0.94,21,33.6,6851,1196,94.6163447452,127.855957501714
"55","1110",0.91,31.4,32.8,4916,1360,156.0516423074,150.222923034188
"56","11100",0.84,9.4,16.7,3680,2012,188.0690160737,191.072605410474
"57","11104",0.96,26.1,41.5,6991,810,59.6258992209,64.8655242468354
"58","11109",0.81,8,16,3702,2033,182.5560283952,188.740243173249
"59","11145",0.96,21.2,34.1,7880,958,65.3292988891,73.9278795372489
"60","11160",0.85,12.6,22.2,4197,1568,201.8027276286,194.831517189738
"61","11179",0.94,19.7,29.6,6705,1128,125.4542017239,114.708225867941
"62","11185",0.85,12,15,3822,1689,195.4552627956,194.380965190308
"63","11191",0.95,22.5,36.4,7114,962,53.7439250009,88.7920550786711
"64","11217",0.9,13,23.2,5525,1506,202.5298966304,198.677811402821
"65","11237",0.95,23.5,36.7,7045,1030,99.0681625268,90.2746213076518
"66","11239",0.95,23.5,38.2,6883,929,56.3057138149,75.2545931638946
"67","11242",0.95,23.8,35.9,7243,945,67.1542210558,75.1199824358071
"68","11282",0.95,20.4,35.4,7195,919,58.6091781544,77.3317727412613
"69","11355",0.78,8.8,11,2527,2108,180.2180616037,178.23026896685
"70","11357",0.83,13.5,16.9,4202,1845,189.3660028973,194.024192338773
"71","11389",0.95,22.4,31.7,7367,1092,124.5554311047,102.05031302914
"72","11408",0.91,15.7,22.2,5625,1559,202.4649726378,199.231814144338
"73","11411",0.92,16.2,23.5,5834,1588,206.1708453523,195.554953660208
"74","11413",0.93,17.5,27,6427,1384,189.9211248934,172.129289077483
"75","11427",0.93,22.8,29.1,5637,1222,183.669601285,131.129103052669
"76","11438",0.95,23.4,35.7,7637,978,83.951838718,81.1158774375246
"77","11440",0.96,26.1,39.7,7554,871,77.0412940208,61.7981912958283
"78","11446",0.88,13.2,16.7,4281,1749,206.0919190708,201.167764047515
"79","11447",0.9,15.2,19.7,4318,1626,206.4040499111,193.073925772516
"80","11458",0.93,17.7,25.1,5956,1407,194.7806920573,187.363418286509
"81","1147",0.85,26.9,28.8,3552,1424,182.1133463624,167.214331422092
"82","1148",0.85,23.1,24.9,3768,1603,176.9190591786,182.407783383869
"83","11492",0.97,31.5,46.3,8014,689,45.7310291986,45.0755438344492
"84","11502",0.9,16.9,24.5,5707,1387,194.2539153007,188.806089900764
"85","11503",0.91,16.3,25.3,5465,1377,186.6744139177,182.359771263803
"86","11506",0.93,19.1,27.9,6962,1211,129.435944933,156.231492425299
"87","11522",0.95,25.4,36.3,7203,893,56.0918249646,70.3838970138227
"88","11547",0.62,6.2,7.9,618,856,152.2991545556,119.594408507555
"89","11551",0.86,13.3,18.8,3839,1709,198.100042937,195.008221261297
"90","11585",0.96,27.3,37.8,6870,833,62.1960719556,65.6910800706196
"91","11601",0.87,19.4,21.4,4350,1539,174.0358146095,191.184350956673
"92","11613",0.92,32.2,35.4,4858,1119,82.3209177425,119.791021309921
"93","11615",0.93,28.9,31,5327,1256,131.7708806221,141.863757296241
"94","11620",0.93,34.4,36.2,6651,1231,108.4063348255,130.502410589335
"95","1164",0.91,39.8,41.8,3898,1181,131.6647236647,125.649494230487
"96","11641",0.81,19.3,20.4,2539,1286,181.7405236125,178.089708547138
"97","11642",0.82,20.6,22.1,2554,1279,175.442385669,174.147776409816
"98","11650",0.93,28.3,29.8,5911,1256,145.6719291029,146.159086070059
"99","11673",0.95,34.2,37.3,7315,1033,104.0513085747,94.6992274994479
"100","11694",0.89,21.7,24.1,4215,1392,194.4746648608,182.338816536534
"101","11706",0.94,31.2,33.5,5604,1130,134.6594509724,112.551437322015
"102","11714",0.95,36.1,37.7,6243,965,100.3344233918,87.5559473608548
"103","11717",0.94,34.5,36.3,6677,1101,117.5238900782,102.740512224436
"104","11738",0.85,20.6,22.8,3183,1327,183.0283177098,180.76698464386
"105","11739",0.77,15.1,16.4,1587,1244,173.3027982777,159.359967340807
"106","11742",0.88,24.5,25.9,4197,1372,192.1591528279,181.732988943659
"107","11746",0.93,29.3,30.6,5490,1261,151.0655128886,137.989183922568
"108","1178",0.93,44.7,46,4982,1073,107.4093283054,111.481072251302
"109","11781",0.85,19.3,20.9,3146,1273,189.835038078,173.309784340269
"110","11791",0.91,29.2,31.1,5100,1259,136.7545867534,144.512578706352
"111","1180",0.93,43.1,45.2,5320,1107,116.4160579838,116.322124070592
"112","11809",0.88,24.8,25.6,4850,1437,171.9910677539,178.887629310183
"113","11810",0.95,40.1,42.6,6884,857,77.882088089,78.9588356685968
"114","11813",0.95,43.5,46.4,7565,917,86.6928142857,79.9933430908476
"115","1183",0.81,26,27.3,2010,1196,154.1263934381,149.757484994203
"116","11830",0.87,17.6,18.6,4739,1652,193.4468318088,188.086611464187
"117","11838",0.86,22.2,23.1,3481,1362,190.8936129398,185.778646158343
"118","11842",0.92,27.6,29,5142,1298,148.7837490738,151.682586987434
"119","11845",0.92,29.6,31.1,5656,1284,140.6061937958,147.75460126967
"120","11854",0.94,34.6,37,6671,1052,97.5031073932,96.3739240965059
"121","1190",0.95,55.1,58.3,6084,826,91.9601591975,85.1206713908069
"122","1191",0.95,54.3,56.6,6320,867,99.1058807597,83.9163059021066
"123","1199",0.77,22.3,23.4,2439,1285,170.6948705115,166.442110652805
"124","1202",0.84,22.8,24.5,3033,1496,184.0079431491,176.554538809948
"125","1208",0.9,29.5,31.3,5351,1560,166.4377483174,159.952249723798
"126","1211",0.91,43.6,44.7,5219,1108,115.7392637329,119.145816127118
"127","1215",0.9,31.1,33.1,5104,1387,161.0495517385,156.937417989247
"128","12169",0.87,11.5,22.1,4067,1695,192.9866004806,196.780003184212
"129","12177",0.93,17.4,31.1,6421,1287,164.9040811839,156.095570460365
"130","12196",0.96,22.9,39.9,7875,934,58.7047795342,68.3789255634857
"131","12206",0.97,28.3,53.9,8677,644,31.1029511353,35.8252209395413
"132","12217",0.91,14.7,26.8,4865,1441,182.8490700819,183.024286975788
"133","12218",0.92,15.3,27.6,6055,1380,186.195715857,181.618981775321
"134","12231",0.95,23.3,41.2,6073,863,38.4771160298,72.6713799246506
"135","12237",0.95,21.2,42.8,6917,952,94.2560882562,78.9063041299401
"136","1224",0.91,34.8,37.1,5685,1295,153.2059931217,134.187098473159
"137","12243",0.97,25.2,45.2,7822,750,37.5894804037,52.5574910415566
"138","12244",0.97,25.7,44.8,8064,774,34.9768051427,55.6497364128067
"139","12245",0.97,28.3,49,7679,692,52.5441252319,51.014520695925
"140","12247",0.97,27.1,47.6,7485,710,45.4494344809,51.314253817712
"141","12251",0.974072,32.11688,56.14736,7344.018004,566.65888,32.3855819728,38.9098328550415
"142","12256",0.88,10.2,18.9,4805,1908,199.2801026988,202.15456721595
"143","12279",0.96,23.5,41.5,6120,852,46.4338135219,59.6990099009202
"144","12296",0.97,29,50.4,8148,685,42.7475583259,45.1289008253492
"145","12304",0.89,10.4,20.2,4971,1884,202.5343439831,201.813127934374
"146","12305",0.89,11.1,22,4713,1703,197.0924102213,198.652565670259
"147","1231",0.82,20.6,22.2,2347,1282,183.536144796,171.008227014417
"148","12327",0.96,26.4,46.4,6338,731,39.9438415626,59.6174201483713
"149","12329",0.97,25.3,44.6,6914,801,83.6967291699,59.0212076335581
"150","12334",0.97,26.7,49.7,8286,766,53.2353277258,47.639330810276
"151","12339",0.97,26.9,50.3,8150,661,35.5206572507,46.4712702468372
"152","12341",0.97,30.5,53.1,7969,613,43.8299594117,36.2105162690445
"153","12342",0.92,14,26.4,5653,1475,197.046749157,189.902414653341
"154","12373",0.97,27.4,48.2,7262,735,64.7300620921,47.8440676043515
"155","12388",0.97,29.5,51.3,8191,639,30.5459442808,41.1218759903197
"156","12569",0.89,18.9,26.2,4611,1419,191.0214368974,176.598434555373
"157","1257",0.8,25.7,26.4,2113,1200,159.2373537662,147.742546102539
"158","12570",0.91,19.6,27.9,5803,1380,171.8217824925,166.374121289582
"159","12576",0.92,20,26.9,6380,1431,167.908130617,165.719674033041
"160","12584",0.92,22.8,31,6422,1235,134.2078551221,139.155326950525
"161","12598",0.77,13.1,19.7,2793,1371,179.2783900406,177.841808085625
"162","12600",0.84,14.1,22.1,3348,1436,194.1883553741,189.460178075318
"163","12627",0.94,25.6,36.3,6960,1122,98.7108890347,108.192168988601
"164","12635",0.95,33.6,45.6,6191,831,83.2001349335,77.8463991886872
"165","12679",0.92,26.7,36.8,4938,1029,94.9337955376,102.312781093945
"166","12699",0.86,15.3,21.9,4043,1504,193.6499471758,195.080965250928
"167","127",0.2,2.2,4.1,0,0,0,16.654549324638
"168","12704",0.75,11.4,15.6,2250,1600,168.061563199,172.245675609174
"169","12716",0.92,23.2,31.4,5802,1219,115.3694807097,139.557827324871
"170","12739",0.76,9.4,17.2,2592,1537,172.042474833,175.333807792363
"171","1274",0.93,45,46.8,6279,1181,126.6335117356,119.888319514547
"172","12756",0.94,27.5,40.7,4823,942,112.9018981873,76.1980213078647
"173","12758",0.94,27.4,39.2,5478,1001,108.3350924002,91.9489498008982
"174","12769",0.95,30,41.7,6885,983,73.4830476261,90.6751149462677
"175","12771",0.95,30.1,42.2,7123,974,89.4224811739,85.0555613049102
"176","12773",0.95,32.5,45.3,6424,845,92.71457724,78.932040973852
"177","12786",0.84,16.6,24.9,3379,1326,188.2970761459,181.204509241484
"178","12794",0.85,16.9,26,3164,1299,173.7170063473,174.798374866953
"179","12804",0.92,26.6,36.9,4024,1005,111.5388769,91.8567108052795
"180","12807",0.92,26.4,36.9,4174,1053,82.3086304315,106.43609477087
"181","12811",0.76,11.3,19.8,2030,1413,165.6518422896,172.470177464585
"182","12822",0.82,12.6,22,2475,1511,178.4929408092,181.788918021079
"183","12826",0.95,35.1,50.3,5657,780,82.4201301029,66.5666959006575
"184","12828",0.95,36.2,48.3,5069,769,51.4277016291,65.7938013285159
"185","1283",0.94,47.5,49.6,7201,1049,107.1203218349,94.4465956250386
"186","12831",0.78,13.9,21.1,2219,1361,174.714457596,174.698521240889
"187","12836",0.8,13.2,23.2,2274,1292,175.2004334633,174.439484833483
"188","12880",0.81,10.7,16.7,2948,1643,189.800040978,184.673362824485
"189","12881",0.81,10.8,17.1,2838,1613,186.3377523016,184.913984872438
"190","12910",0.94,28.1,40,7006,1077,101.5473541211,103.013970735613
"191","12928",0.86,13.8,21.6,3435,1448,194.8003487929,191.834887176766
"192","12935",0.78,16.4,23.8,2281,1207,170.8043659541,162.126853962169
"193","12941",0.89,20.7,29.6,3622,1199,145.036203782,148.115854081901
"194","12974",0.96,37.5,51.4,6693,749,68.2505664804,59.0729643494578
"195","12975",0.8,14.3,20.3,2348,1360,177.8164046282,177.319055553576
"196","12988",0.92,18.1,25.8,5909,1468,193.7134162309,179.885207341209
"197","1301",0.95,64.9,66.9,6917,813,100.1774802986,82.6757189000651
"198","13020",0.95,31,42.3,6091,833,59.6024549867,78.0909924971731
"199","13022",0.96,34.1,45,8030,821,72.7865523962,62.055230927675
"200","13026",0.84,15.4,23,3381,1421,195.27666584,188.557329111848
"201","13027",0.84,13.5,20.5,3452,1553,191.5018810839,189.216870337194
"202","13044",0.95,30.6,44.4,5497,899,104.6015914712,77.2347050867709
"203","13055",0.95,32.1,44.2,6724,905,89.3905426782,82.3990543078454
"204","13057",0.96,33,45.8,7103,878,74.8208889504,65.0867110828944
"205","13066",0.96,40.2,54.9,6970,685,77.2113060513,53.4839424891944
"206","13068",0.96,40.5,55.1,6212,664,48.7041053602,60.671685461298
"207","13077",0.72,9.7,18.3,1517,1391,167.8117803228,159.527062047727
"208","13078",0.85,19,27.4,3011,1191,173.0605019423,152.335939054435
"209","13091",0.93,27.5,39.5,4477,994,110.4377180092,99.4423223928979
"210","13115",0.96,38,52.3,5704,697,72.1497634397,56.1513728885082
"211","13125",0.79,10.4,15.9,2029,1535,178.3248347377,173.384939570495
"212","13142",0.93,24.3,33.7,5814,1128,137.363747893,125.643543003872
"213","13152",0.95,26.1,34.7,7270,1098,114.9380176304,103.147023924229
"214","13158",0.88,14.2,20.5,3878,1548,199.0300689001,194.161278901029
"215","13167",0.85,14.3,20.8,3664,1563,194.5501633146,193.01265150084
"216","13169",0.87,15.2,22.9,3606,1488,196.6305363624,191.439051156234
"217","13174",0.9,20.9,32.1,4060,1129,157.2378743788,122.702361708926
"218","13179",0.92,23.4,32.4,5053,1142,133.1568048166,117.433447690637
"219","13219",0.89,18.3,27.2,4425,1353,178.3381685379,177.485697672909
"220","1323",0.79,26.7,27.7,2297,1232,133.3637143113,151.626945586392
"221","13231",0.93,27.3,39.3,4797,1024,106.3251857864,105.293533601486
"222","13239",0.94,30.9,42.1,4615,911,80.1332682926,83.1627979229099
"223","1325",0.93,49.3,50.7,5313,995,111.9691158272,102.841929074813
"224","13252",0.95,33.5,46,5587,815,76.8512871466,79.6590869724821
"225","13257",0.95,36.8,50,5377,737,58.5809407401,65.6669058333772
"226","1326",0.92,48.7,49.8,4530,1104,121.9830388299,110.303143350667
"227","13264",0.85,18.3,26.7,2663,1184,164.0063713073,155.643211876049
"228","1327",0.92,49.3,50.6,4745,1079,119.1316715847,109.883315759755
"229","13284",0.93,30.2,32.6,5259,1209,128.5033840043,132.27334568034
"230","13296",0.94,34.9,38.1,6618,1091,95.928016772,105.691831866818
"231","13297",0.94,34.7,38.8,6036,1028,60.5523876954,99.017860068212
"232","13299",0.94,34.3,37.4,6432,1053,84.8501083344,99.3321797178429
"233","13302",0.84,18.5,21.2,3158,1634,176.4017554945,185.113478546063
"234","13339",0.85,17,18.2,3529,1554,196.0118651775,187.543692666164
"235","13351",0.95,39.5,41,6968,907,96.5777512158,75.9858141647485
"236","13365",0.75,12.7,13.1,1442,1301,177.5546313918,161.88043187422
"237","1337",0.93,51.9,53.5,5692,1085,109.2813828878,111.349947466243
"238","13380",0.94,31.6,33.5,5850,1151,135.9575886888,115.716113485626
"239","13388",0.94,32.4,34.6,6220,1066,116.6296393391,100.073386982487
"240","1339",0.93,52.1,53.9,5941,1033,105.833702663,107.493511062413
"241","13411",0.83,16.9,20.4,3275,1411,184.2782431158,186.025349616676
"242","13413",0.89,23.4,25,4676,1378,192.9925124447,173.80320781406
"243","13419",0.77,15.8,17,2510,1383,173.5655439922,177.816589088901
"244","13435",0.93,31.8,34.8,6575,1110,125.7433588255,119.735909452692
"245","13438",0.94,31.7,36,7530,1051,90.7193929167,100.725264432757
"246","13442",0.94,31.9,36,6833,1028,98.9217728412,92.821653487254
"247","13455",0.95,37.5,42,6771,876,62.3077942664,81.2961648637001
"248","13498",0.93,27.5,29.7,6756,1279,141.4446493271,146.414818852712
"249","13512",0.77,16.1,17.9,2268,1279,183.6843364055,171.63322640752
"250","13513",0.71,10,13.2,2147,1402,164.1881543846,163.631527046905
"251","1353",0.95,65.1,67.8,6816,800,86.6878372011,86.4286306772902
"252","1364",0.9,35,36.7,5115,1338,134.6969472283,149.215299490694
"253","1378",0.9,38,38.9,4409,1200,131.6932805798,131.999648106903
"254","1381",0.91,40.6,41.6,4621,1213,134.7339332992,126.433865406469
"255","1389",0.92,40.1,41.7,5518,1173,121.6203967455,123.471599576611
"256","1391",0.92,45.1,46.2,5652,1223,128.1047443412,124.764365495615
"257","140",0.07,1.5,4.1,0,0,7.6391181901,8.51086852043323
"258","1418",0.78,27.7,28.3,1775,1160,141.286472113,145.735106429243
"259","1436",0.69,20.2,21.1,1259,1114,148.9153046998,139.524125406414
"260","147",0.66,6.7,8.4,1672,1724,137.7310405195,147.249650262933
"261","155",0.73,7.5,10,1964,1596,167.8765876795,161.882812433739
"262","159",0.75,8,12.5,2608,1982,178.1105498402,174.570352161535
"263","166",0.79,8.9,12.2,3326,2100,187.5948019415,183.378846486566
"264","1761",0.96,22.5,26.4,7738,806,58.8222900047,59.2462008318233
"265","1778",0.97,26.1,31.3,8425,659,38.731892542,45.4091724022928
"266","1785",0.98,30.2,37,9757,510,23.4641959242,30.0965740361228
"267","1804",0.95,19.3,23.3,8509,973,75.5717169701,95.5829201412742
"268","1808",0.96,21.6,26.8,8215,826,68.8683882284,61.4184584573139
"269","1811",0.96,21.6,25.6,9499,787,28.5440799078,59.0652952052706
"270","1812",0.96,21.9,26.6,7880,869,80.7972673082,60.8166509659431
"271","184",0.39,3.4,5.4,129,218,76.2813209663,80.9131217652836
"272","1841",0.93,16.4,20.2,7180,1208,202.271660654,176.921670259795
"273","1855",0.97,23.8,29.6,7859,733,63.8407266798,47.0895662102875
"274","1869",0.98,27.4,33.8,7918,609,51.3475105376,36.163483230142
"275","1878",0.979161,31.0444,39.41547,8329.545059,480.443978,28.9084481942,32.1680073019682
"276","1908",0.97,26.2,31.4,7894,710,59.4031551907,47.1131707314119
"277","1931",0.93,14.7,19.2,6911,1371,208.2634456814,198.802261092645
"278","1932",0.94,17.2,21,6716,1255,201.0242245774,178.731432414961
"279","1946",0.95,22.6,26.6,7986,897,63.2032227418,67.3392823093869
"280","1965",0.97,27.5,33,7642,682,57.083889493,47.7916980200317
"281","1986",0.85,10.5,13.7,5086,1811,207.9065539798,203.275959654847
"282","1988",0.88,11.2,13.8,5423,1736,204.1207538701,204.444068768975
"283","1993",0.81,7.8,10,4890,2242,190.5813739159,190.492380975358
"284","1997",0.94,18.2,21.8,7364,1167,198.5486275594,174.929206896072
"285","2022",0.85,9.2,12.3,5134,1987,200.3042486845,201.166353200351
"286","2076",0.87,11.8,15.3,5540,1658,206.6945735939,202.111601043486
"287","2081",0.93,15,18.4,7940,1386,202.0843036215,200.223928424446
"288","2085",0.86,9.4,12.2,5695,2017,202.9076039889,201.656296755431
"289","2090",0.94,18.7,23.3,7587,1067,174.3653711672,131.582506796178
"290","210",0.56,3.8,6.1,427,563,124.9925856081,124.21267573373
"291","2108",0.96,23.4,27.6,8042,864,65.5366878694,57.2845900005893
"292","2114",0.97,27.5,33.4,9079,652,36.4506767443,39.5913950714409
"293","2118",0.89,11.4,14.2,5676,1764,209.1608121118,205.534203886314
"294","212",0.48,6.6,8.3,861,856,102.4666638791,117.773052917528
"295","2123",0.91,13.5,17.1,6634,1535,210.4416420893,206.678784174343
"296","2137",0.96,21.3,25.8,7630,968,106.3451547304,75.0863972467869
"297","2148",0.95,21.6,26.1,8856,939,61.6066825009,66.5252184572589
"298","2152",0.96,22.9,26.9,9015,836,48.8828032171,52.0318153136073
"299","2155",0.9,12.1,14.3,7152,1684,209.0045183865,207.448105331528
"300","2157",0.97,25,30.3,8808,763,51.188880957,46.2409319719671
"301","2159",0.97,27.7,33.3,8593,663,49.3595460493,41.8661656949799
"302","2169",0.9,12.3,17.1,6381,1631,206.6625116921,206.902890820663
"303","2172",0.85,10.4,13.7,5082,1815,207.4814068183,203.591940979392
"304","2178",0.92,15.9,18.4,7444,1351,202.022503164,198.639788380722
"305","2192",0.95,19.5,23.3,8866,1060,77.5408775304,109.994164451349
"306","2216",0.87,10.6,12.9,5248,1801,201.8746548186,204.305507987873
"307","2217",0.88,11,13.7,6702,1804,208.858769776,204.450712541239
"308","2219",0.91,12.4,15.3,7639,1634,206.1663674365,204.866397074831
"309","2231",0.94,17,21,8765,1173,160.3582455163,181.12579215164
"310","2233",0.94,17.5,21.5,8029,1173,192.0298090905,179.338906543581
"311","2272",0.94,16.9,21,7930,1251,199.0992078921,180.347065054954
"312","2282",0.87,9.9,12.5,5962,1923,208.4374053196,203.011307196104
"313","2293",0.88,10.3,12.9,6525,1929,207.4907602471,204.960406693722
"314","2298",0.97,26.7,31.4,7843,718,48.3105251633,53.4340645163196
"315","23",0.87,12.5,15,5110,1806,191.9983276884,202.818887490235
"316","2313",0.93,15.1,18.3,7774,1362,207.5782381033,199.195675081871
"317","2319",0.88,10.4,13.7,6192,1934,205.09042672,205.451531749283
"318","2329",0.96,22.3,26.7,8676,897,73.0165348115,56.7420135139474
"319","2339",0.96,22.4,27,9016,836,49.185021442,53.5515858512489
"320","2341",0.91,12.1,14.3,7139,1686,208.7643556831,207.741886470024
"321","2387",0.79,7.7,14.2,3374,1946,177.4467451594,185.016478714046
"322","2390",0.79,8.4,14.9,3522,1945,179.7205715802,185.003779535419
"323","240",0.76,6.6,11.2,3021,2022,169.7276413557,178.37149193923
"324","2421",0.91,13.5,25.8,5312,1366,185.4397520942,187.994370538523
"325","2422",0.92,13,24.3,6728,1410,188.2604605989,198.384845717616
"326","2425",0.79,7.1,14.6,3478,1860,184.7792661059,183.845934418132
"327","243",0.65,5.9,9.3,1320,1238,133.9851541342,142.05828744598
"328","2435",0.93,15.9,28.5,6558,1215,174.6438816177,159.681936237374
"329","2450",0.8,7.8,15.7,3484,1779,185.3960474231,185.239201765264
"330","2452",0.86,9.4,21.4,4854,1685,201.4482245578,201.042520613559
"331","2456",0.89,9.8,22.2,5688,1610,201.2484971561,202.553648826549
"332","2464",0.92,14.9,24.9,5673,1354,198.8191009004,191.44110395428
"333","248",0.34,2.6,5.4,125,169,51.2879155733,72.1172275898195
"334","2485",0.94,18.2,31.9,6735,1087,121.7597565438,122.811229494799
"335","2494",0.8,9.4,15.4,3246,1663,179.3263257751,185.775538584038
"336","2515",0.9,13.3,26.4,5038,1357,193.272336851,185.05454454649
"337","2527",0.92,16.3,29.6,5614,1233,125.3579298055,163.314545207626
"338","2529",0.92,14,30.1,5969,1248,159.5999827445,168.090153869146
"339","253",0.83,9.5,15.1,3962,1992,183.6478174205,193.134855423084
"340","2530",0.92,15.2,26.4,5497,1210,156.4826381773,158.434542308188
"341","2539",0.94,20,36.1,6405,926,71.6452442013,87.5491847625772
"342","2542",0.81,8.2,16.4,3378,1798,188.7309705447,186.476341808035
"343","2559",0.85,8,16.8,4099,1801,198.6077542502,198.584698072296
"344","2560",0.85,8.7,18.2,4475,1790,201.5294759198,199.362718849008
"345","2564",0.86,8.7,16.6,4167,1795,200.7787559932,200.352060098389
"346","2603",0.89,11.1,21.3,5069,1606,203.4208753175,198.874879095745
"347","2609",0.9,8.9,22.8,6791,1787,199.1589092689,203.467146196418
"348","2625",0.94,16.6,30.5,7904,1245,154.7906952843,139.889307478368
"349","2627",0.75,5.2,12.5,2526,1802,173.9060158236,170.804362288592
"350","2631",0.06,1.5,3.1,0,0,0,5.17110685848985
"351","2633",0.58,4.9,10.3,1035,1098,134.0847140168,127.368725181568
"352","2642",0.82,8.9,15.3,3253,1739,190.5235066714,185.47442981506
"353","2643",0.84,9.1,17.9,3547,1711,195.461500789,190.512478456338
"354","2648",0.85,8.2,19.1,3824,1712,199.8585360492,195.993893504521
"355","2673",0.28,0.6,4.3,3,8,99.1515573145,28.9748419850811
"356","2684",0.54,2.9,7.6,722,980,105.8433560573,111.479950119405
"357","2687",0.84,7,16.1,3667,1832,194.5674681811,189.941251228874
"358","2689",0.84,7.7,18,4441,1831,199.9764813082,195.425048312316
"359","2704",0.89,10,19,5583,1729,201.5769084742,203.886268260818
"360","2709",0.89,11.8,23.5,5173,1525,191.1254103701,196.417634114807
"361","2720",0.5,3.3,8.1,690,782,104.2678248301,118.704787282176
"362","2724",0.78,5.3,13.4,3036,1832,185.2124783587,178.692883050155
"363","2737",0.88,9.3,21.2,5272,1676,205.5830760301,200.074865958506
"364","2773",0.63,4.4,9.1,1350,1485,153.6507854137,140.731837519599
"365","2781",0.79,6.5,14.6,3072,1833,188.5213347457,182.945881386463
"366","2819",0.63,4.3,10.7,1555,1234,145.6981139831,142.440719824147
"367","2837",0.86,10.1,15.2,4204,1747,201.3943258753,200.951776736358
"368","2838",0.89,9.6,19.6,5879,1714,205.3252330977,203.758412854814
"369","2866",0.78,6.5,14.5,3152,1726,182.9682008248,182.928116187545
"370","2883",0.9,11.8,21.8,5000,1530,194.1526274453,197.012120757874
"371","2895",0.92,12.2,25,6715,1401,197.1053811367,193.168664585284
"372","2901",0.93,13.6,28.2,6058,1235,146.4395195902,171.969431564105
"373","2903",0.94,15.8,30.8,6341,1123,150.7003298175,112.311834495999
"374","2908",0.79,6,13.4,2952,1834,178.498900983,181.223006360278
"375","2910",0.75,4.7,14,2951,1691,174.8774800495,172.579548620509
"376","2913",0.21,2,4.2,1,2,47.8958175247,23.9215673470954
"377","2918",0.78,6.6,15.2,3035,1883,181.0389790069,183.140891359943
"378","2928",0.86,10,20.5,3938,1635,200.366047313,195.064105687355
"379","2936",0.88,10.5,21.8,4540,1563,194.074466023,197.621484310163
"380","2940",0.9,12.9,23,5326,1580,199.4099802225,200.217409907726
"381","2943",0.9,12.4,22.8,5255,1553,197.4427925032,198.407473995378
"382","2948",0.9,12.9,24.5,5195,1387,194.6377055952,192.600900560476
"383","302",0.79,9.2,11.2,2933,1886,182.133039987,182.245993652061
"384","3042",0.84,6.4,11.7,4346,2098,193.6123018093,192.16024603716
"385","3046",0.95,16,32.1,7106,1072,140.6169016992,107.232504300405
"386","3056",0.81,7.1,13.4,3824,1972,190.793448943,188.170611055356
"387","3076",0.89,11.2,16.1,5225,1661,196.630104734,203.607046619151
"388","3078",0.9,11.1,20.8,5369,1510,202.4144331693,200.290044640145
"389","3081",0.85,12.3,15.1,4558,1840,196.5539240314,199.858763714099
"390","3085",0.9,13.7,17.5,5224,1542,192.4867154159,201.342582964221
"391","3093",0.91,14.9,20,5018,1391,185.7732181764,194.230752292481
"392","3094",0.92,15.5,22.8,5723,1253,190.7126571997,168.566611700629
"393","3107",0.58,4.2,11.7,1073,1116,132.4313682884,129.138736739079
"394","3109",0.69,5.6,11.7,1983,1890,145.4400280564,158.754221371013
"395","3117",0.81,6.4,15.6,3567,2008,187.1593327651,186.009656068409
"396","3128",0.84,9.6,18.2,4304,1929,191.4688502369,196.267197232936
"397","3129",0.82,7.5,18.3,3643,1840,182.1499874095,189.697473138538
"398","3141",0.88,11.1,21.4,4667,1680,187.2493997342,199.070237169618
"399","3142",0.89,11.7,24.2,5446,1636,198.3651880052,201.230149411401
"400","3157",0.77,5.4,14.3,2429,1817,176.0975400318,173.261390422942
"401","3184",0.88,9.7,21.9,5326,1678,198.9597794708,201.32988459916
"402","3193",0.92,13.5,26.5,6484,1390,195.8641027716,187.484152854648
"403","3223",0.69,3.6,10.9,1183,1173,148.1723659642,139.224604119611
"404","3227",0.87,9,21.8,5003,1860,203.9404976119,202.04587225597
"405","3232",0.89,10,22.1,5123,1685,201.6205230036,201.092425210998
"406","3247",0.64,4.8,10.2,1316,1220,137.5506854177,140.329015308258
"407","325",0.36,3.1,5.7,132,230,56.2157117632,77.0244341212032
"408","3251",0.65,4,14.2,1413,1172,148.2369599429,144.136993579732
"409","3258",0.81,5.9,17.3,3338,1942,188.1099482191,183.918646853725
"410","3273",0.84,8.6,20.7,4001,1729,192.7715146066,195.503460446374
"411","3275",0.87,8.8,22.7,4866,1769,205.23310712,201.270600270952
"412","3284",0.89,10,24.2,5518,1623,201.7516800897,201.406499522236
"413","3294",0.65,4.4,14.3,1434,1192,145.5150050835,146.876914972587
"414","3298",0.74,6,14.7,2874,1769,168.379630159,174.418093924766
"415","3300",0.79,6.7,14.6,3631,2041,185.7836827213,185.343595994545
"416","3313",0.87,9.9,20.7,5327,1797,201.2067259782,202.311647353953
"417","3339",0.73,5.2,12.2,2412,1703,167.7138094704,167.581290420732
"418","3340",0.66,5.2,9.5,1719,1408,134.544661807,148.186807566632
"419","3345",0.36,1.2,5.7,109,256,37.0438734164,70.1281499879502
"420","3348",0.66,5.1,10.8,1348,1266,132.8145571016,147.858822668136
"421","3352",0.81,7,13.6,3300,2126,183.4415894828,188.612207697949
"422","3362",0.82,8.5,16.5,3931,1989,196.0461352326,189.457017521815
"423","3367",0.6,3.1,9.6,698,851,132.0182540876,114.930881141286
"424","3370",0.85,7.7,19.6,4792,2057,203.0038555768,199.56822065345
"425","3373",0.87,10.1,19.8,5160,2031,201.5752288409,201.357836873813
"426","3379",0.86,11.3,18.2,4825,1843,198.8986256393,200.154877568752
"427","3399",0.87,13.6,18.4,4355,1535,189.9759005033,194.965938025466
"428","3429",0.936525,23.72899,28.42058,5302.231553,919.387115,46.2957607273,74.1972974610487
"429","3432",0.94,26.1,31.2,5278,827,39.1212040755,72.6673554511053
"430","3433",0.952783,27.85602,32.41792,6318.87293,779.797882,47.5915214315,67.3326883664811
"431","3440",0.82,12.5,16.5,3502,1636,186.6681861104,186.973294259767
"432","3477",0.93,20.6,24.1,6789,1168,133.5611542559,131.841255690431
"433","3484",0.8,8.5,12.4,3870,1937,189.9233582014,187.69565695954
"434","3542",0.79,5.5,7.8,2321,1431,147.8733576901,164.371589675567
"435","3548",0.33,2.6,3.9,0,0,0,28.2965217534055
"436","3599",0.87,15.5,18.4,4017,1576,198.3724273393,195.483909472412
"437","3639",0.78,6.9,9.9,4035,1877,189.5443373665,185.0650569248
"438","3668",0.91,14.2,18.8,7225,1569,209.6330367741,202.946396079831
"439","3672",0.92,18.6,20.9,6050,1347,191.5880881194,182.472904918642
"440","3711",0.921903,21.1625,24.33705,5537.158564,1225.374977,131.5671773816,129.619718323403
"441","3714",0.74,9.9,12.9,2701,2003,172.5573692988,176.786858900968
"442","3716",0.93,22.3,26.3,5549,1095,115.6521900391,114.279170926635
"443","3725",0.75,10,13.8,2619,1849,173.1497583675,176.207068527124
"444","3730",0.61,6.8,10.2,1732,1213,136.2873932039,139.610742817246
"445","3735",0.83,10.3,12.9,4984,1861,200.7660082244,195.999579468567
"446","3740",0.67,6.8,9.6,1579,1207,147.7657664769,139.593516337312
"447","3745",0.88,13.9,16.8,5826,1727,208.3389779964,205.107596602485
"448","3747",0.89,15.7,18.2,5326,1612,205.3177483114,199.896994419337
"449","3753",0.86,10.6,14.9,5665,1890,200.9945898591,202.234931158075
"450","3773",0.74,8.5,10.4,2568,1669,173.7078986665,171.339037877393
"451","3783",0.87,14.7,18,4340,1523,190.9985959384,194.758742478241
"452","3808",0.931468,22.43978,25.54811,5522.824983,993.695554,74.0156831572,104.020544187126
"453","3810",0.828466,12.11377,14.0242,3759.082617,1833.121398,188.1030215418,190.21385085957
"454","3820",0.82,11.8,15,3455,1754,185.8829536649,187.535937900156
"455","3830",0.72,8.1,9.9,2574,2011,165.6124325503,168.279443224056
"456","3849",0.85,12.9,18.4,3926,1585,191.1649737423,195.523994349605
"457","3850",0.87,13.9,16.8,4901,1682,193.9144522324,199.330766865562
"458","3861",0.9,18.1,21.6,4467,1245,93.4764310393,169.312684788538
"459","3867",0.59,5.9,7.7,1359,1527,132.8659224064,133.456435357424
"460","3870",0.59,6.8,8.6,1480,1515,124.0291518854,139.772626753234
"461","3878",0.79,10.2,12.7,3267,1878,179.6074573805,184.564087388353
"462","3893",0.89,15.9,18.9,4282,1447,196.3343357186,194.366788906592
"463","3899",0.89,16.5,19.3,5177,1459,187.5848398486,194.465563039322
"464","3914",0.943046,22.65146,27.39471,6423.014259,1010.739457,82.0346363846,86.1975795325858
"465","3960",0.940403,24.64321,30.31104,5087.942117,897.289497,50.7337001928,65.0230632792293
"466","3972",0.67,5.1,9,2350,1606,155.1356467632,155.716021816243
"467","3990",0.84,10,14.1,5557,1894,198.4780572238,198.52355195412
"468","4000",0.86,10.5,14.8,6126,1842,200.3364432636,203.897223958453
"469","4001",0.87,11.5,16.1,6049,1793,206.4465316547,204.313123046573
"470","4017",0,0.3,0.8,0,0,0,9.51822741558169
"471","4069",0.55,4.3,5.5,759,585,117.0661271498,120.023245372387
"472","4074",0.64,4.3,7.2,1445,1115,135.5088852308,133.933213326061
"473","4077",0.68,5.4,8.7,2275,1776,154.449780706,155.69311478046
"474","4090",0.78,6.6,11.5,4544,2062,187.1793027453,188.229848294102
"475","4092",0.13,1.8,3.5,0,0,0,7.4562822236181
"476","4104",0.03,1.1,2.7,0,0,0,5.78463738027955
"477","4122",0.72,5.5,9.3,2779,1744,164.1906267225,165.114204908229
"478","4130",0.78,7.4,11.4,4208,2045,188.8492865124,189.239898504017
"479","4134",0.79,7.4,11.7,5074,2054,191.5802217856,190.448780351431
"480","4147",0.88,11.5,15.7,6741,1761,205.6040647727,206.754392389845
"481","4150",0.16,1.8,3.8,0,0,25.3405896266,2.59732343173022
"482","4178",0.82,8.9,12.8,4984,2004,195.7311586504,194.977832952271
"483","4193",0.88,11.6,16.8,5843,1723,207.3101985482,206.553005335238
"484","4200",0.46,2.6,5.6,306,333,80.8590093955,87.0034076353303
"485","4214",0.9,12.8,16.9,6426,1552,202.6785448921,207.105945371527
"486","4231",0.96,25.7,29.5,8308,757,30.2912195667,49.7937744685136
"487","4244",0.973902,31.50359,36.0263,9217.112399,568.228601,28.045219285,34.6971604440491
"488","4246",0.91,12.6,18.3,6608,1550,206.9556132976,204.353149049526
"489","4269",0.82,7.5,10.7,5100,2179,197.7531082886,192.051491392693
"490","4277",0.94,18.4,22.5,8366,1089,138.6454165895,149.914022364968
"491","4295",0.83,9,12.4,4829,1983,200.8886150134,195.700093551217
"492","4320",0.94,17.5,21.8,8719,1193,177.0751685282,177.432828458114
"493","4325",0.95,18.8,23.5,8010,1050,146.0108008723,117.923864227854
"494","4327",0.94,18.7,23.3,7809,1059,124.5962708873,144.276916695325
"495","4329",0.95,20.6,24.6,7293,959,46.410221892,88.232230480936
"496","4335",0.83,8,11.6,4970,2164,197.3459402527,195.270626409878
"497","4336",0.8,7.3,10.4,4658,2250,189.0629755522,189.370211002986
"498","4342",0.86,10.7,14.2,5674,1818,203.9026223134,202.949182281121
"499","4344",0.89,11.4,14.9,6246,1765,209.761944739,206.295641879572
"500","4356",0.94,17.4,22.1,7157,1190,200.4341783331,181.787572911224
"501","4358",0.94,17.5,22.4,7305,1158,193.1731438737,173.869054100774
"502","4362",0.95,18.7,23.9,8310,1100,173.3939129443,134.932976916732
"503","4367",0.94,19.3,23.3,8392,1125,129.0723631357,126.379421614009
"504","4371",0.95,19.1,24.1,8796,1028,84.0291506527,102.500257415673
"505","4373",0.95,21.1,26,8231,928,84.3735795068,72.7924799845435
"506","4377",0.96,23.1,26.4,7523,877,42.4188583547,67.8555014144973
"507","4383",0.87,10,14.1,5832,1938,207.0644269262,203.605519888571
"508","4385",0.88,10.4,13.8,5663,1889,205.9326529493,203.40587518048
"509","4391",0.9,13.6,17.3,6359,1557,209.5743726504,202.877684603095
"510","4392",0.92,14.1,18.1,6954,1490,210.7791802964,202.766740450956
"511","4403",0.95,18.6,26,7326,1076,170.0761385029,129.144696507963
"512","4425",0.96,25.3,30.4,7784,745,33.8820458325,48.2171480392291
"513","4453",0.94,16.1,20.3,8852,1226,184.9136443231,178.387367206555
"514","4457",0.94,17.3,21.2,8472,1251,188.0337548325,183.134971147258
"515","4488",0.9,12.2,16.8,5954,1605,208.3144823816,207.229880936667
"516","4495",0.93,15.7,20.1,7283,1320,206.2643008453,193.721259411346
"517","4508",0.95,18.2,23.8,7048,1097,188.8963654955,136.860173483486
"518","4511",0.95,19.3,24.4,8028,1059,153.7666078663,102.50783894507
"519","4514",0.95,20.1,24.3,8262,1013,93.6701412032,89.757616293287
"520","4523",0.83,8.5,11.7,4874,2125,196.9398440688,195.773649181908
"521","4532",0.89,11.9,15.8,7103,1676,210.6709795629,206.090051934105
"522","4551",0.93,16.1,22.8,7566,1254,189.6645944553,188.961872309465
"523","4553",0.94,18.8,23.5,8356,1115,120.948894977,143.553965189814
"524","4568",0.97,25.6,31.1,9368,732,41.1401802975,42.4171937822741
"525","4582",0.94,16.1,21.1,8262,1260,197.1686659264,186.354653481823
"526","4584",0.94,16.9,22,6889,1212,197.3065292179,177.81546335958
"527","4589",0.95,18.6,25.2,7315,1076,169.4826284733,143.70849959547
"528","4592",0.95,20,25.5,7719,983,102.1972744231,84.1749522462663
"529","4611",0.96,24.4,30.6,7779,741,33.8736930033,51.5146031678283
"530","4613",0.97,26.3,33.3,8119,680,44.5715009846,48.2805421223209
"531","4614",0.97,27.1,34.2,7381,658,29.9510462852,48.3375653052246
"532","4620",0.9,13,17.1,6515,1621,209.9502089567,205.931728242546
"533","4624",0.61,6.7,7.4,1180,1115,107.7203054885,131.132443352961
"534","4631",0.77,9.4,10.3,2429,1635,173.8372864557,172.768917248212
"535","4633",0.8,9.8,11.3,3447,1920,183.6549001194,185.36634091738
"536","4637",0.82,11,11.5,2634,1614,193.3997634543,180.15620452745
"537","4651",0.86,10.8,12.6,5790,2442,192.4720830855,202.561864174155
"538","4675",0.88,12.3,14.2,4721,1775,204.2742129219,201.842846290222
"539","4680",0.92,14.1,16.6,5660,1540,204.7755836519,202.715185154931
"540","4686",0.92,12.2,15,6561,1741,214.1004400503,205.041610608943
"541","4690",0.89,12.2,12.4,7268,2417,197.782672279,204.687655046463
"542","4691",0.95,17.8,20.8,6670,1209,189.885655149,168.062495130205
"543","4693",0.86,10.6,12.4,4368,1848,203.7457039859,200.983526555824
"544","4700",0.94,14.5,18.3,6833,1411,212.1897210967,196.924897812972
"545","4717",0.46,5.7,7.2,268,263,95.0097005032,103.685419334695
"546","4719",0.7,4.1,6.2,918,1035,155.6197292169,131.720081937014
"547","4720",0.62,6.3,7.1,1195,1013,122.0367383043,133.553887923199
"548","4728",0.91,13.7,17,5367,1547,206.554962214,201.371367836764
"549","4729",0.83,10.5,10.9,4402,2113,190.4172922857,196.27823255889
"550","4742",0.86,12.7,13.4,5865,2311,203.6630555242,201.204023756124
"551","4791",0.91,13.1,16.2,5868,1520,210.4182538945,206.424589609726
"552","4809",0.86,11.1,15,4328,1738,202.2959433975,199.8125819456
"553","4817",0.87,15,18.7,4865,1397,197.3858133089,193.195916832645
"554","4834",0.95,22.5,25,7872,948,41.7390321442,65.5547077325776
"555","4835",0.95,20.5,25.4,6747,1023,105.5502220275,90.940148326445
"556","4841",0.95,24.4,28,7963,987,70.0819666658,74.199138197556
"557","4851",0.96,28.4,31.5,7139,752,32.7943105016,53.1578396608551
"558","4853",0.97,33.7,36.5,7317,662,46.1494731583,47.9543432193912
"559","4854",0.96,32.3,35.6,6806,660,28.6429312792,56.1096392891187
"560","4871",0.86,17,17.5,4340,1548,197.8842429642,192.264885342458
"561","4874",0.76,7.2,8.8,2971,2177,174.037825684,176.434125669991
"562","4897",0.94,20.7,24.2,6894,1077,95.9989123088,118.527342246607
"563","4898",0.95,22.1,24.9,7480,1050,88.8785547894,88.0567194377263
"564","4900",0.95,23,26.8,7270,935,82.2495614693,67.1595178236982
"565","4903",0.96,26.5,29.5,8192,808,48.2706462408,61.1754298249486
"566","4925",0.69,8.5,9.1,1630,1167,132.4587150294,147.348029987199
"567","4943",0.94,15.9,20.8,7559,1220,195.4669265884,181.05970433622
"568","4951",0.89,16.7,17.7,6826,1952,204.4835156257,192.406113233279
"569","4993",0.95,21,24.6,7137,1020,86.2750244253,85.6323270453233
"570","4994",0.86,14.8,15.2,5116,1852,203.2286450455,198.390308528268
"571","5000",0.9,14.5,15.2,7860,2322,204.3055014308,201.959080183871
"572","5001",0.88,12.6,15.8,4306,1629,203.5315870182,200.238376734041
"573","5003",0.88,11.4,12.6,4348,1934,204.3243872003,201.757867315824
"574","5013",0.91,15.3,18.9,5591,1503,202.203407397,199.138105563278
"575","5019",0.78,8,10.2,2946,1717,181.9868331948,178.978660332632
"576","5050",0.86,13.5,15.2,4170,1848,200.3696509469,199.651263042718
"577","5077",0.87,13.2,15.7,5193,1660,201.7230249619,200.257281119811
"578","5085",0.96,25.9,28.8,7780,852,51.9596422302,57.9677419735711
"579","5086",0.96,24.4,27.7,8065,888,53.87375206,61.8893480079641
"580","5097",0.86,8.9,10.8,5657,2179,202.4908400604,200.311471263882
"581","5101",0.87,15.8,18.3,4580,1436,197.6001805325,195.422025305572
"582","5105",0.76,7,9.4,3338,2029,179.3807424077,177.254600956891
"583","5109",0.88,13.3,15.4,5011,1658,203.0743814964,201.376154293847
"584","5117",0.64,8.2,8.4,1525,1213,135.4679684561,142.77105859432
"585","5125",0.58,3.4,5.4,222,225,140.5397601882,100.22280490533
"586","5134",0.94,19.8,23.4,7229,1127,97.933450093,138.850107596291
"587","5137",0.94,24.1,27.3,6728,1034,90.8995224998,91.3717575247185
"588","5144",0.96,29.1,32.8,7986,790,56.1701270392,59.3972907748404
"589","5154",0.79,8.9,14.9,3324,1825,183.4813384503,184.699288199515
"590","5175",0.81,17,18.3,3743,1787,180.2568370901,187.242660462938
"591","5176",0.92,14.5,23.7,6002,1392,194.1884122421,195.79469870157
"592","5180",0.94,17.5,25.8,6352,1130,33.9919377181,142.807503294751
"593","5202",0.84,9.7,17.4,4249,1759,197.142385582,194.9495414069
"594","5224",0.92,14.6,21,6593,1416,201.8557683922,201.730207870222
"595","5246",0.83,7.9,14.9,4044,1918,191.9830403586,194.257438305405
"596","5285",0.96,19.9,31.6,7595,914,77.7973515091,74.1543206383583
"597","5290",0.85,7.6,13.5,4333,2051,198.5619191457,198.777992630943
"598","5296",0.72,5.3,10.6,1509,1443,149.5581587775,153.754827285397
"599","5301",0.89,10.5,19,5454,1711,206.2357368962,201.779238997098
"600","5306",0.93,14.5,25.2,6082,1310,203.068516264,185.193029247729
"601","5319",0.94,17.2,25.2,6508,1165,155.4736113831,163.5560334304
"602","5322",0.94,17.1,29.9,7062,1141,150.182432198,114.67155590892
"603","5332",0.95,20.9,32.7,6538,889,41.0417531098,69.0907826299267
"604","5338",0.85,8.1,15.8,4244,1933,198.4058088193,199.141202689824
"605","5339",0.84,7.8,15.3,4068,2009,196.7616949494,193.299852564317
"606","5346",0.53,13.1,14.8,1080,852,115.1371199816,121.209720243495
"607","5347",0.89,12.9,17.2,5960,1780,204.7861016908,206.480674052428
"608","5350",0.9,13.2,19.2,6719,1706,204.1678968859,204.851068381718
"609","5359",0.94,17.7,24.8,6816,1215,184.5828048291,173.663647068437
"610","5368",0.92,17.3,25.4,6890,1377,184.7470703077,182.735540159417
"611","5376",0.95,21.8,30.6,7800,935,76.5076782774,66.5822984059558
"612","5380",0.95,25.6,32.1,7166,937,41.1519712853,73.1932637079301
"613","5391",0.83,11.1,16.1,4779,1998,190.6591702093,195.573469070566
"614","5397",0.85,9.4,13.6,5041,2144,200.0857872573,200.793790968517
"615","5419",0.93,16.6,23.5,7328,1440,192.9215024589,187.841598912371
"616","5452",0.92,12.5,22.7,6851,1525,204.5444565951,200.887799135826
"617","5470",0.95,16.1,25.9,7676,1138,132.4587478247,131.370414437922
"618","5483",0.85,6.5,14.3,4336,2196,199.5292038742,195.882326722222
"619","5488",0.72,5.6,9.8,1271,1336,153.1140230519,149.106056167298
"620","5490",0.83,7.7,14.5,4024,1880,195.8299547213,193.269033271887
"621","5493",0.9,10.8,18.5,5509,1771,208.3794085536,202.568056080011
"622","5506",0.93,15.6,24.3,5716,1238,182.4058428169,164.556670509254
"623","5507",0.95,16.4,25.1,7179,1181,165.7634239613,153.236098424661
"624","5516",0.95,16.8,27.9,7012,1101,65.6315403669,130.365547823215
"625","5523",0.95,18.3,29.2,7646,1037,93.6159541856,107.39659879233
"626","5524",0.95,19.2,30.4,6649,957,46.4836949769,102.571933028486
"627","5527",0.96,20.6,32.1,6393,861,40.3208147962,61.9566951165444
"628","5532",0.86,8.1,14.3,4167,2011,201.9698041594,199.330409941399
"629","5543",0.92,12.3,21.7,5950,1493,203.9110250919,203.537428593437
"630","5544",0.91,11.8,21.4,5546,1479,205.2502972836,198.175004920412
"631","5556",0.93,14.3,24.9,6049,1263,198.9556828694,171.719294440773
"632","5561",0.94,16.7,30.1,7226,1163,150.2076911193,133.271356267958
"633","5578",0.85,8.1,15.2,4242,1913,199.7460485546,198.666915263946
"634","5612",0.95,21.6,30,7654,1041,47.821386795,92.2457379896087
"635","5619",0.95,24.3,31.5,8050,982,80.7011369276,74.6198733501492
"636","5638",0.85,9.3,13.9,5005,2087,199.3303431904,200.559773699852
"637","5644",0.89,13.6,19.2,5933,1828,206.1886207574,203.909890588094
"638","5651",0.93,16.8,21.5,7172,1439,189.0720119558,193.441812156606
"639","5658",0.91,16.5,23.3,7009,1575,198.3879927973,195.079286652294
"640","5660",0.93,17.5,23.5,6902,1330,156.6244947152,188.603903215681
"641","5663",0.93,17.6,24.7,7573,1418,195.7221885258,185.306920058583
"642","5681",0.72,5.7,11.7,2457,1770,163.2368482005,165.77654744931
"643","5682",0.71,5.6,10.8,2269,1695,164.3316773814,158.789714433423
"644","5686",0.81,7.5,12.5,3738,2102,188.570873105,188.147507510651
"645","5698",0.88,11,18.1,4507,1690,191.0980795279,198.950189554882
"646","5708",0.91,12.3,20,5578,1579,189.2372813827,203.349970362995
"647","5719",0.92,15.4,23.8,5343,1265,113.2963963688,176.46528217728
"648","5722",0.72,6,8.5,2391,2052,162.4661226041,161.532318758026
"649","5742",0.82,8.7,23.3,3017,1724,183.3930181744,186.241592468196
"650","5774",0.56,4.7,14.6,1021,1102,121.803749545,128.504127778503
"651","578",0.95,20.7,30.7,7175,965,109.8589325401,84.3096292699666
"652","5790",0.86,10.8,27.1,3619,1638,190.5928063255,187.157958615936
"653","5791",0.86,11,27.2,3786,1614,188.5815202805,188.572512230131
"654","5809",0.71,6.2,15.4,2300,2018,153.9790545076,166.379675341401
"655","5823",0.7,6,17.8,1973,1606,157.4694839616,159.490390640778
"656","5825",0.62,5,16.3,1377,1440,141.4630611556,145.177678315803
"657","5826",0.6,5,16.4,1484,1561,135.7595654952,145.414954343431
"658","5838",0.81,9,25,2849,1672,185.204328254,183.266566658037
"659","5839",0.81,9.2,25.1,3021,1676,185.1918439733,183.938759939479
"660","5847",0.84,10.9,25.4,3454,1607,170.8061814898,188.911390502152
"661","5853",0.86,11.8,28.9,3561,1541,189.4123256676,181.361803327755
"662","5859",0.87,12.5,29.5,3931,1464,176.6349923384,182.109337500058
"663","5861",0.89,13.8,32,4266,1381,173.5555147416,174.026182501614
"664","5879",0.79,6.8,15.2,3236,2032,185.7602637724,184.148274866596
"665","5884",0.78,7.9,15.6,3131,1800,181.9840437315,183.491138485575
"666","5897",0.82,8,18.5,4216,1926,193.9347733229,192.769213628942
"667","5931",0.66,4.8,12.7,1449,1352,161.49894507,144.418728884147
"668","5932",0.83,9.9,21,4111,1855,194.6386493899,194.072707641587
"669","5937",0.85,10.1,21.7,4559,1819,200.6598986484,199.039203417089
"670","5938",0.85,11.2,22.4,4242,1804,197.8458703201,198.943135549856
"671","5949",0.88,10.9,24.6,4895,1718,205.3489464604,199.418066595694
"672","5952",0.88,12,26,5609,1665,203.7866575932,192.513121950549
"673","5953",0.72,5.5,13.9,1994,1603,167.9121368729,159.533124418066
"674","5986",0.79,9,20.2,3141,1872,186.9078116225,185.00885207068
"675","5995",0.84,8.7,21.5,4336,1936,196.6157440544,195.854066651391
"676","6004",0.85,11,23.8,4131,1700,193.0126653476,196.22630403169
"677","6010",0.49,4.2,9.9,543,702,118.2620944185,111.890545138032
"678","6017",0.73,6.6,11.2,2516,1830,168.5687048619,168.198333758271
"679","6019",0.81,7.6,12.3,3208,2139,193.8962391197,185.894709596108
"680","6045",0.91,12.8,19,5645,1508,197.8553091178,203.475821838575
"681","6050",0.92,14.7,21.2,5834,1390,197.4010708074,199.645156868169
"682","607",0.89,10,16.1,5864,1780,206.4480967233,204.952972459414
"683","6073",0.93,16.5,18.2,6937,1313,194.4242980676,188.157447785535
"684","6074",0.84,9.4,11.6,4956,2136,194.0087451488,197.069461231845
"685","6075",0.93,16,18.7,7007,1316,191.2850830287,195.711557703264
"686","6080",0.94,18,20.4,6786,1113,130.9212467943,155.748277318565
"687","6100",0.96,23.7,27,7695,799,56.47081339,58.5242409339699
"688","6121",0.94,16,17.6,8217,1327,204.2548173261,191.878414610263
"689","6124",0.95,19.2,20.9,7297,1112,192.9046661341,134.998131289703
"690","6131",0.95,17.6,22.7,7618,1111,186.8493306956,144.765394815997
"691","6132",0.95,19,21.7,8640,1007,101.6380624901,108.701202910836
"692","6149",0.96,23.5,27.5,8115,775,52.2942039151,56.8568244631265
"693","6159",0.81,7.3,8.7,4263,2151,190.9510123507,187.905828934583
"694","6166",0.93,15.7,17.5,7687,1376,206.6836184107,199.225823703815
"695","6184",0.95,19.5,21.9,8490,1082,107.0741828324,119.196853609405
"696","620",0.95,20.6,30.2,7313,962,114.8095809751,76.4967212859733
"697","6200",0.97,25.3,28.2,9204,715,42.01282798,41.7061146450546
"698","6201",0.9,13.3,15.1,5994,1593,210.5598800528,206.977245608675
"699","6203",0.91,13.5,15.2,5870,1580,209.366385643,207.116308328648
"700","6211",0.91,13.4,15.8,5921,1500,207.6990337555,207.779273822909
"701","6236",0.96,21.9,25.9,7275,886,91.4371736577,66.0629240594612
"702","6246",0.96,25.9,29.2,7038,695,33.875471219,55.0203914798166
"703","6251",0.89,12.7,14.4,5755,1691,207.8907131003,205.468216629947
"704","627",0.97,25.2,36.6,7537,759,76.6796692244,49.4492428805807
"705","6273",0.95,23.6,25.2,7157,863,54.5856209631,65.1661424380613
"706","629",0.96,25.5,36.3,7723,734,56.5627797956,50.0610224936143
"707","6320",0.94,18.4,20.1,7093,1159,186.8573510314,174.018499795865
"708","6325",0.85,9.2,10.8,5346,1979,202.0857910791,199.778426255144
"709","6329",0.94,20,21.9,7907,1122,122.5231610191,129.444316431391
"710","6347",0.85,9.8,12.7,4978,1873,198.0568178329,202.314645994655
"711","6352",0.68,5.6,7.5,2591,1919,152.2911589534,158.000204835978
"712","6371",0.91,13.4,14,7247,1716,206.9743170989,205.77261379777
"713","6375",0.93,14.5,17.7,6081,1415,208.1410080187,203.44343377837
"714","640",0.97,28,38.2,8677,645,22.2640562191,41.2907632945009
"715","6407",0.89,11.2,13.2,5218,1857,207.3492910766,201.857990662363
"716","6421",0.92,14.1,14.6,6701,1520,193.3853013761,207.144776189693
"717","6450",0.88,10.2,12.6,5053,1907,204.3391813931,203.353663325192
"718","6455",0.91,12,14.8,5883,1693,211.0316522025,207.62087967667
"719","647",0.97,30.8,42.6,8844,575,33.5956707058,34.4418221350266
"720","6478",0.95,19.3,22.3,7436,1029,102.5623649854,113.519971285394
"721","6479",0.95,19.3,22,6978,1006,81.0628445734,111.9220398256
"722","6483",0.76,5.5,7.6,3298,2273,177.4990868957,172.643908581531
"723","6485",0.76,5.6,8.2,3245,2303,177.0671872497,175.721057754073
"724","6501",0.92,12.8,15,7039,1559,204.6578326628,205.251200466984
"725","6507",0.93,15.5,17.4,5997,1281,186.7990489238,183.198609577862
"726","6509",0.93,14.7,16.9,6685,1474,209.969657961,205.883459197419
"727","6528",0.95,20.6,22.7,6637,903,37.2391078292,74.619490172276
"728","6533",0.86,8.6,11.1,4619,2138,200.460886692,200.088984217234
"729","6534",0.83,9.5,10.6,4509,1980,196.3936300897,193.320759763672
"730","6536",0.83,9.3,11.7,4115,1950,192.3555014833,194.851476008735
"731","663",0.94,18.4,24.7,7198,1199,187.5706744567,165.92679606296
"732","667",0.95,20.1,27.9,8595,1001,79.1372276906,85.7090048672669
"733","6826",0.75,5.7,12.2,3544,2085,177.8909071401,179.417950640859
"734","6848",0.93,13.2,24.7,6828,1272,169.2206973678,186.468555091787
"735","6851",0.93,13.6,25.2,7430,1372,188.7017142339,191.418809134154
"736","6853",0.94,14.8,26.9,7296,1203,39.0057995,162.50279509324
"737","6855",0.94,15.6,27.7,7699,1149,76.0894985805,126.94722426798
"738","6859",0.94,16.2,29.8,7299,1076,91.374927766,130.170981424327
"739","692",0.97,30.5,40.9,8747,593,41.7256940183,32.2437304113286
"740","6924",0.89,8.3,19.3,5653,1948,205.7780741776,201.375144960728
"741","6929",0.93,11.5,23,6431,1571,210.6637271628,202.493805084713
"742","693",0.92,14.1,21.4,7220,1442,201.6731648456,200.950937012897
"743","6944",0.95,16.4,29.8,7194,1061,60.5453516663,118.211225171176
"744","6947",0.95,15.6,30.6,8100,1138,100.8978832016,117.622274427528
"745","6954",0.86,6.9,16.2,5075,2243,198.5556639342,198.951283512196
"746","6962",0.97,23.1,42.6,9004,683,30.3926689722,43.8745813720011
"747","7017",0.81,5.7,13.8,3098,2079,188.1683622523,182.738594310311
"748","702",0.92,14,21.9,6677,1441,204.9746992184,200.220886581127
"749","7020",0.93,11.1,24.8,5963,1485,208.8147923107,200.397820894616
"750","7035",0.96,17,34.7,6355,894,40.6322281275,84.8645781515689
"751","7065",0.79,7.8,9.9,3436,2043,183.3008180537,183.851559782005
"752","7070",0.91,15.2,17.7,6312,1400,197.4823650616,200.962087816226
"753","7082",0.95,20.6,25.1,6790,965,78.5841682903,87.3759144231433
"754","7084",0.95,22,25.3,7557,911,34.9511120725,74.2720308650437
"755","7089",0.95,23.7,25.5,7026,1020,91.5719274665,84.9157502966083
"756","7115",0.74,7.6,9.3,2699,1796,176.912909419,169.292761538129
"757","7118",0.89,10.9,14,5567,1882,196.5718930673,204.722375734574
"758","7123",0.89,11.8,13.8,5869,1720,204.6790695097,207.209251547531
"759","7139",0.93,16.7,19.3,7047,1227,176.0606008089,166.122611930518
"760","7140",0.94,16.9,20.9,7031,1161,175.9407228044,180.757418503883
"761","7141",0.79,6.3,8.5,3351,2435,201.9449004672,178.931793653737
"762","7145",0.95,20,24.4,7292,986,92.2524444152,91.8150950018941
"763","7188",0.75,5.7,7.8,3043,2483,168.1155137258,176.287048375696
"764","7207",0.84,9,10.7,4145,2036,194.4125087348,194.386942248125
"765","7209",0.87,10.9,13,5503,1894,202.3559199867,202.39299928688
"766","7215",0.91,13.4,15.3,6310,1581,205.398723226,207.346740397532
"767","7224",0.93,16.1,19,7346,1335,196.8974123801,196.350121942985
"768","7230",0.94,17,19.8,7885,1252,159.3627165758,189.810879109063
"769","7232",0.94,16.2,19.7,6458,1202,198.0741800295,167.915506003944
"770","7236",0.82,7.1,8.6,3960,2301,185.6190089256,188.893643924767
"771","7247",0.82,7.8,9.7,3902,2209,187.7176908787,189.542022550767
"772","725",0.97,28.4,39.2,7975,640,47.9573897378,39.89571245277
"773","7256",0.9,12.5,14.6,6081,1683,206.8059562599,207.499259832902
"774","7278",0.95,21.3,22.5,8119,1045,70.4729983968,94.8658105838652
"775","7288",0.96,25,29.2,7834,796,64.2127505004,55.923763418043
"776","7298",0.8,10.9,13.3,3471,1751,187.5059909937,184.710295091996
"777","73",0.82,12.1,14.1,3872,1953,187.1489261748,188.886122753068
"778","7318",0.96,21.8,25,9070,887,46.2143606243,55.7190279889992
"779","7326",0.96,23,26.3,9253,861,53.6313102988,50.4358928794652
"780","7339",0.97,28.5,33.8,9267,621,35.3975088622,34.546897193094
"781","7373",0.95,22.3,26.4,8298,907,69.9815852013,64.2186340854375
"782","7377",0.96,22.3,27.5,8539,813,52.9058096815,60.0236588648402
"783","7380",0.91,14.7,15.4,6277,1497,208.7640193807,203.515701834978
"784","7389",0.91,12.8,16.1,6105,1540,209.9483416734,206.188617949677
"785","7414",0.96,23.1,26.4,8237,845,51.2894442101,57.062621323898
"786","7425",0.96,23.9,28.8,8229,780,49.3576308855,53.8113713113254
"787","7429",0.96,26,30.4,7838,734,53.2359840009,46.9273793285799
"788","743",0.98,33.6,45.7,9004,507,31.0506413078,28.5818061943797
"789","7439",0.91,15.8,17.2,5781,1391,206.0641898586,198.986379210639
"790","7444",0.92,18.9,21.6,6829,1185,187.7205384545,156.697515798069
"791","7458",0.96,26.6,29.9,7626,788,74.9245011559,55.3348468651515
"792","7462",0.96,25.7,28.6,9037,751,35.203943333,42.7191455956845
"793","7467",0.96,27.8,30,8085,836,70.431707375,57.673006670033
"794","7479",0.97,31.2,34.7,7887,593,27.2132437891,43.3135108753364
"795","749",0.98,38.1,52.9,9593,406,20.7819935019,33.2147658142045
"796","7495",0.91,15.2,16.9,5519,1427,203.4888327595,201.302676601067
"797","7496",0.91,15.8,17.6,6815,1408,206.0997147862,201.132973089919
"798","75",0.84,13,14.3,3859,1841,183.3541197678,192.25928012918
"799","7510",0.95,22.4,25.7,8760,974,57.1719965147,73.4069510565667
"800","7519",0.96,25.2,28.1,7883,858,45.9024324534,61.3672974604394
"801","7523",0.96,25.3,28.6,8156,825,73.961760496,54.7656999165091
"802","7532",0.97,32.9,35.5,8908,630,41.1410857794,34.9478795335173
"803","7602",0.9,11.7,14.8,5605,1703,211.568251844,204.798265173887
"804","7609",0.71,5,6.8,2195,2048,158.4348679623,154.091444287999
"805","7614",0.93,12.9,17.8,7355,1554,200.513051381,204.047256860155
"806","7623",0.93,16.7,18.7,6252,1219,56.6212967423,178.778873276763
"807","7635",0.63,3.9,5.3,401,565,175.2783502402,122.894724174788
"808","7642",0.91,11.8,12.7,5678,1730,199.9078122831,206.089982786144
"809","7652",0.92,14.6,16.7,5945,1396,204.8490070452,203.143708390043
"810","7657",0.8,7.1,8.9,3486,2302,180.9921435017,186.721905176077
"811","7672",0.95,20.4,22.6,7192,966,86.5829892423,87.464333166673
"812","7688",0.88,10,12.3,5318,1966,204.1050864987,203.331522674439
"813","7710",0.94,15.9,17.6,7712,1303,190.6797901178,191.519681915604
"814","7714",0.94,16.2,18.6,7226,1217,185.2017034508,177.707920156515
"815","7722",0.95,20.8,22.8,6320,937,38.325691017,72.1910049962946
"816","7741",0.93,14.3,16.4,6692,1446,208.6271181673,205.183774543677
"817","7770",0.96,22.7,24.6,6470,837,36.4086422498,64.9239735616386
"818","7774",0.86,8.5,10.5,4556,2214,202.3040971112,195.767873564478
"819","7787",0.93,13.9,17,5904,1493,212.5313821495,205.343407970668
"820","7791",0.93,15.3,17.6,6495,1366,203.826219493,200.452011398608
"821","7811",0.96,19.9,22.7,7206,976,91.8826038053,85.2157072172143
"822","7812",0.89,9.8,10.9,5008,2040,205.788296673,200.695309562314
"823","7820",0.97,23.9,26,8431,780,42.8688619706,55.7212832508813
"824","7824",0.86,10.1,12,4826,1894,206.7841323407,201.036825997036
"825","7839",0.95,19.3,22.6,7292,1016,126.0620657124,98.2897025635896
"826","784",0.98,31.1,42.1,8699,544,20.8650117669,29.9260936478512
"827","7842",0.95,20.6,22.2,7897,936,80.9540272731,75.8046165497376
"828","7849",0.95,22.2,23.5,7873,871,48.5647886868,71.9819574403003
"829","7867",0.97,28.8,29.7,9158,612,29.07694924,39.4013069634916
"830","787",0.98,31,42,9105,551,27.7615502584,27.8234806471303
"831","7873",0.9,13,15.3,6395,1518,204.5271561807,206.287686819482
"832","7875",0.59,4.8,12.2,1245,1168,139.5042415804,135.595363567255
"833","7891",0.83,9.9,21.2,3552,1703,192.5903729329,191.487311905478
"834","7896",0.57,4.4,10.7,991,1180,121.8282578705,133.286915331324
"835","792",0.98,34.3,46.1,7964,464,19.6206264746,40.2709712737358
"836","7923",0.77,7.7,19.6,2668,1548,185.3210142666,176.164375102628
"837","7926",0.84,11.2,20.6,3669,1678,189.1960970918,191.338397999012
"838","7942",0.9,15.8,26.2,5271,1476,190.2750357737,189.484249362871
"839","7949",0.91,16.3,29.7,5560,1462,155.8053101305,172.251898635623
"840","7956",0.91,18.5,32.5,5442,1279,153.5124109943,150.831294051824
"841","7960",0.92,19.8,35.4,5131,1184,97.7387262683,130.039197459346
"842","7964",0.78,10.3,16.4,2396,1519,178.8241801013,177.969175981066
"843","7966",0.77,7.5,19.2,2755,1603,176.159626055,180.463168013702
"844","7979",0.59,5.8,12.8,1132,1491,125.252313275,141.032600116614
"845","7989",0.84,12.8,24.6,3363,1507,183.5364367635,186.974607731296
"846","799",0.93,14.3,22.4,6886,1395,203.7479745313,199.15381533702
"847","8003",0.87,15.6,31.3,3658,1291,157.6998997845,169.562141047824
"848","8009",0.91,19.9,34.3,4661,1224,120.8656616745,138.078743040109
"849","801",0.94,19.6,28.7,7043,1073,134.1869137384,112.120640111862
"850","8075",0.88,11.6,23.6,3941,1465,186.3880035601,193.659713291067
"851","8079",0.95,18.8,41.9,6423,1007,116.2867892711,103.442303108178
"852","8101",0.97,29.1,58.3,7776,696,58.786498966,46.4930580294924
"853","8166",0.91,14.9,30.8,5476,1317,176.8786030754,171.131981465006
"854","8194",0.9,16.5,33.7,5263,1252,160.4112982299,153.090176119924
"855","8199",0.93,16.6,35.8,6636,1189,134.6756663684,148.677825014691
"856","820",0.9,26.6,32.8,3188,915,64.2560023284,85.1077642440045
"857","8216",0.96,24.3,50.1,7248,782,48.9176239333,64.3490499088082
"858","8240",0.89,16.5,32.7,4639,1213,160.7411106451,152.972294308369
"859","8241",0.7,6.3,13,1214,1415,158.4935584834,147.433956624571
"860","8248",0.92,16.5,30.3,5690,1354,165.5514421239,162.490702816511
"861","825",0.75,13.9,17.9,1842,1385,154.6936930914,171.060021985991
"862","8256",0.93,19.2,38,5643,1115,140.9708673725,118.452824238134
"863","8258",0.93,19.8,40.3,5900,1077,120.1774456277,120.911469419204
"864","8268",0.95,24.7,45.2,7125,941,79.9323274292,75.4246753843841
"865","8289",0.79,7.5,16.8,2372,1734,183.1193434998,177.537680329853
"866","8299",0.94,17.8,37.8,6616,1104,122.6272949349,119.369898530482
"867","8303",0.95,18.2,41.2,6120,1067,128.695773157,111.985158943352
"868","8309",0.95,20.7,45.3,6496,983,106.1093106099,89.2331397482339
"869","8312",0.95,20,40.8,6930,916,65.8555889962,83.6405802619985
"870","8317",0.96,22.9,47,7440,848,42.357016526,69.5586701338946
"871","8327",0.97,28.2,55.3,7269,682,51.3084871609,48.8021009649292
"872","8349",0.95,19.4,40.6,6390,1090,124.9220583042,113.101129247187
"873","8366",0.96,23.1,47.2,6498,839,90.2629157301,56.5500879541244
"874","8390",0.91,14.9,31.8,5279,1300,179.8352300343,164.522013763862
"875","8393",0.93,17.5,36.3,5627,1185,152.0410685835,137.386581483639
"876","8394",0.93,17.1,36.5,5306,1164,141.4418178169,136.560077127075
"877","8418",0.89,12.7,27.8,4135,1464,198.6228015996,183.71851853559
"878","8441",0.94,20.9,42.2,6334,1027,117.6396278234,94.3083474470684
"879","8447",0.95,25.1,46.9,6356,885,95.4314462914,70.8942761780677
"880","8468",0.97,29.9,59.5,7964,666,47.3184884216,45.1866192601096
"881","8478",0.89,17.1,35.5,4868,1195,161.974204182,144.445447890531
"882","8488",0.92,16.5,30.3,5672,1352,164.9696900574,162.42284944559
"883","8511",0.95,21.8,44.4,7214,941,74.4293372692,78.6421444489395
"884","8578",0.77,6.3,15.9,2856,1834,177.4482953017,178.876124469539
"885","8581",0.83,6.9,19.3,3206,1958,190.4597718101,189.791103209948
"886","8589",0.86,8.8,21.5,4470,1979,201.652601654,200.004897595861
"887","8607",0.89,10.4,24.3,5452,1739,201.6543087424,202.158097880825
"888","8626",0.83,6.5,19.4,3533,1929,191.7653360687,190.455049854729
"889","8628",0.85,7.6,21.1,3803,1923,197.3110961425,195.92091718844
"890","8637",0.88,10.2,24.5,4902,1831,203.1699715431,202.687625268962
"891","8638",0.89,10.7,24,4397,1687,203.0143040743,197.042172949927
"892","8685",0.88,9.8,24.5,4952,1831,203.7690011255,202.371607842243
"893","8686",0.89,11.4,24.2,4585,1733,204.6641468274,199.12021496242
"894","8719",0.8,7.4,15.8,3237,1876,187.1104922705,184.374286742875
"895","8722",0.85,7.8,21.6,4072,1921,199.9510756447,198.41339778283
"896","8769",0.83,6.3,18.2,2810,1866,192.5388348745,184.536185734271
"897","8770",0.86,8,22.6,4169,1899,202.3119363502,199.264106899771
"898","878",0.92,39.6,41.5,5652,1188,120.2961321202,124.932886476274
"899","8811",0.85,7.5,20.4,3922,1982,198.4720827371,196.277467544649
"900","8822",0.64,9.1,9.7,1594,1512,146.4623890103,149.61880844683
"901","8824",0.79,11,12.4,3226,1860,182.0868692898,184.358615915767
"902","8825",0.78,13.7,15.7,2941,1636,178.5397331286,182.400753417139
"903","8826",0.83,12.4,14.2,3572,1851,193.6543795762,188.530066069654
"904","8866",0.69,6.4,10.1,2061,1802,150.0395573174,157.158430331171
"905","8867",0.76,7.9,10.6,3001,2152,174.0316247072,178.04298077598
"906","8880",0.8,10.8,14.1,3003,1896,185.7990105633,184.265902425705
"907","8888",0.85,13.7,16.5,3889,1737,191.9947953808,196.108433609668
"908","8889",0.86,15.9,18.9,3709,1629,181.0409403722,194.790401471214
"909","8895",0.84,15.6,18.1,3736,1637,189.8445833746,188.824101541244
"910","8903",0.88,15.9,19.4,4656,1538,196.3621070649,195.083328194117
"911","8904",0.69,8.2,10.4,1700,1711,170.5702074124,154.268207007807
"912","8907",0.9,19,22.7,4561,1401,145.6952220988,188.674389282277
"913","8910",0.91,21.5,24.7,4605,1264,101.6892359137,152.891593396139
"914","8911",0.92,22.6,25.8,5695,1206,122.0875068029,140.426363398115
"915","893",0.94,47.9,50.8,5582,989,82.5782417608,98.8052690751821
"916","8930",0.88,15.2,16.9,5317,1714,200.9486091659,202.907959946197
"917","8951",0.92,21.7,24.1,7268,1448,177.6001821344,166.395661708477
"918","8955",0.93,22,25.3,7162,1302,173.212306799,152.478014067886
"919","8992",0.9,16.3,19.8,5141,1528,190.901951305,194.371983745306
"920","900",0.82,20.1,21.2,3090,1717,176.0131068612,180.517443957523
"921","9023",0.54,8.7,10,1125,1059,118.7622939771,124.204817922775
"922","9036",0.9,19.3,21.6,4810,1534,204.6171108943,181.67548286214
"923","9067",0.95,28.5,32,7418,964,94.5546249206,83.5019492589155
"924","9094",0.9,16.6,20.2,4928,1526,195.5314359068,193.800778569517
"925","9117",0.74,8.6,11.6,2141,1668,171.0425485978,166.364233011237
"926","9118",0.73,7.2,10.4,1916,1635,163.6886917295,165.749293872167
"927","9147",0.71,8.4,10,2458,1717,160.5166110447,166.822335491843
"928","9148",0.83,15.3,16.8,3995,1607,193.043748966,191.473215131143
"929","9159",0.89,19.8,21,5948,1535,194.3561766747,188.59697381335
"930","9163",0.9,20.6,22.4,5937,1441,194.1128974375,182.902838796445
"931","9178",0.92,23.2,25.5,6817,1292,152.7253659731,156.000546293699
"932","9197",0.76,14.8,16.1,2748,1502,176.2655195246,174.58940218884
"933","9230",0.92,25.9,27.3,5805,1203,138.5846410326,136.609117783564
"934","9238",0.52,3.8,6.4,609,677,114.4068995741,119.976060141967
"935","9248",0.68,8.5,9.9,1923,1552,151.4545308459,155.46126285407
"936","9271",0.77,9.7,11.1,2516,1655,175.9301367306,175.481866992774
"937","9281",0.91,22.2,23,5901,1383,189.8311590557,177.610714057481
"938","9295",0.67,6.7,9.5,2137,1554,150.0568604228,150.527104956964
"939","9304",0.81,12.5,13.8,2960,1716,189.4061913247,185.491439090998
"940","9319",0.57,5.8,7.5,1203,1480,125.2694480654,131.975191024833
"941","9332",0.89,20.5,21.7,5049,1460,189.2647314546,188.159651926614
"942","9379",0.91,16.8,31.8,6019,1380,166.1600531071,168.030909912672
"943","9381",0.92,17.3,35.3,5741,1266,125.3131942832,152.763063406696
"944","9388",0.66,6.5,12.7,1708,1452,147.4819628061,149.829442665337
"945","939",0.92,45.8,47.9,4746,1079,108.7551232627,112.510357845476
"946","9425",0.92,21.4,27.3,4928,1097,98.5386325974,115.219619703577
"947","9447",0.84,14.3,16.9,3627,1620,187.494580227,190.155424933464
"948","945",0.95,55.5,58.1,5697,861,87.9369844454,82.9344206283021
"949","9468",0.93,21,24.5,5594,1183,104.5101967361,128.863959907612
"950","9490",0.78,12.1,15.4,2636,1481,177.7023235809,180.636583874955
"951","9492",0.82,13.5,15.8,2964,1546,184.6480815441,184.123500051461
"952","95",0.09,2,3.7,0,0,4.0911049797,6.80912812318823
"953","952",0.76,25.1,26,1800,1246,138.9871364306,153.058568508772
"954","9523",0.93,22,26.9,5139,1063,102.5438500699,104.263680617639
"955","9532",0.76,12.6,14.9,2046,1439,171.224192318,169.59478184409
"956","9542",0.85,15,17.3,3425,1502,188.7562188341,191.666650683556
"957","9556",0.92,20.6,24,4922,1180,103.2967762317,127.478897413411
"958","956",0.82,18.6,20.5,3069,1505,183.6210758136,181.736937671324
"959","9565",0.93,22.8,26.7,5035,1084,91.6710983499,113.317264975895
"960","9569",0.93,23.2,29,5243,1008,102.5623176747,98.8115100752638
"961","9571",0.93,23.5,28.4,5119,1021,98.6631230126,100.144219514282
"962","9582",0.79,13.7,16.2,2584,1399,179.3973896683,176.050027168967
"963","9594",0.89,19.1,23.3,4313,1287,134.8180694255,171.840416584371
"964","9628",0.81,13.7,16.3,3140,1551,180.8574789459,185.109660650965
"965","963",0.9,26.8,29.1,5341,1560,181.5562340008,165.122386024907
"966","964",0.8,20,21.1,2611,1497,177.4154426315,178.969311454592
"967","9662",0.91,19.7,24.5,4495,1213,146.0607854597,127.057728163582
"968","9667",0.91,21,25.3,4853,1188,110.1003715845,126.350391126424
"969","9677",0.71,9.7,12.3,1926,1603,158.947886423,163.990583441153
"970","9679",0.68,7.9,13,2082,1667,155.5143633766,160.938859058816
"971","968",0.91,30.5,33.2,5028,1432,166.6509918085,153.427284060812
"972","9680",0.7,8.4,12.8,2078,1666,158.1252162453,162.188234286796
"973","9724",0.93,14.4,30.2,6601,1183,154.6260929124,154.184826737673
"974","9776",0.9,11.8,24.8,6670,1466,203.1378624916,199.270966428358
"975","9780",0.92,14.4,29.4,5950,1233,181.0955208625,157.222898481494
"976","9799",0.96,20.4,40.4,8218,882,46.7553490303,74.6613712371563
"977","9803",0.96,22.8,41.4,8015,794,75.2158484624,61.6943788489503
"978","9810",0.97,26.5,50,6941,632,29.6703329029,47.7857253563185
"979","9830",0.88,10.4,21,5573,1632,201.8835663302,201.327852536287
"980","9835",0.95,20.5,38.9,7576,882,92.4406336831,70.9076865569247
"981","9839",0.96,20.2,37.3,7282,902,97.8572938848,69.7691750122596
"982","9840",0.96,21.4,40.1,8357,834,76.4848149628,59.9023511072409
"983","9852",0.9,10.7,22.8,6481,1586,203.1134576521,203.324806683538
"984","9859",0.98,30.3,56,9058,534,31.4904124542,29.0093461312406
"985","9862",0.9,11.3,20.7,5745,1593,204.083565033,202.17949963741
"986","9876",0.95,20.3,36.2,6922,925,90.2138430085,71.4444776295843
"987","9883",0.96,23.3,42.2,7994,764,70.7837831014,59.5235876202109
"988","9886",0.97,23.6,41.1,9130,721,35.0024836843,43.8561427660682
"989","9888",0.97,24.7,44.6,8671,707,58.0373728483,42.9069562632639
"990","9890",0.97,25.1,44.6,8099,692,45.1987242875,48.8549337697851
"991","9893",0.96,24.5,45.2,8844,741,51.2347398426,46.6473606685963
"992","9921",0.93,15,29.9,6553,1224,183.2259145445,157.809291044839
"993","9929",0.95,19.2,37.5,7104,946,101.5785908117,89.3618016921608
"994","9947",0.97,26.3,50,8160,650,56.3480245366,37.8730239868829
"995","9951",0.97,27.7,53.6,9385,602,35.5665116821,34.8130454802469
"996","9954",0.87,11,24.8,4814,1443,198.7140137097,195.765077747233
"997","9964",0.93,12.5,27.5,7654,1349,190.8194262993,177.924711705124
"998","9977",0.95,17.6,33.6,6929,1034,127.3535567394,101.308414549113
"999","9978",0.95,19.3,35.9,8045,939,94.1528274149,86.7335999230138
"1000","9982",0.95,20,38.2,8194,966,80.7963706134,86.561295489236
