"","MOF.ID","VF","PLD","LCD","GSA","VSA","y_act","Min","Median","Q1","predicted"
"1","10",0.85,11.4,14.1,4856,2110,73.6722109484,-1643.93,-169.239,-430.804,77.5661893580847
"2","10009",0.92,13.9,26.6,5850,1299,40.2245885681,-1192.54,-61.7699,-257.717,40.0516337936151
"3","10013",0.94,17,32.7,6918,1092,41.0770456592,-1591.97,-35.4448,-190.43725,38.4406650366686
"4","10039",0.96,24.7,44.5,8035,710,23.0168396819,-1302.09,-8.17461,-74.183025,22.4618103843275
"5","10047",0.91,11.4,23.3,5873,1454,57.4552986038,-1445.35,-83.34665,-311.56275,55.8935371476827
"6","10052",0.89,13.1,24.2,5387,1435,61.2790700975,-1668.78,-69.2997,-279.4195,57.8883967522423
"7","10057",0.94,17,31.6,6321,1081,32.2037015549,-1170.46,-36.2581,-177.922,31.6610351458679
"8","10071",0.96,22.9,39.6,7016,748,21.3063648403,-1187.58,-10.9352,-91.7468,22.3018845479509
"9","10081",0.97,26.4,45.1,8595,668,18.0384693725,-1024.22,-6.4122,-62.5732,18.7218350908849
"10","10086",0.92,13.5,27,7064,1312,39.1983091376,-1292.02,-54.6345,-229.717,38.4228202854416
"11","1011",0.83,21.5,22.2,3169,1534,90.9804418884,-1711.92,-42.3784,-388.111,90.7906665593254
"12","10167",0.94,36.6,40.8,3842,689,21.7270737444,-1652.03,-1.92533,-45.0481,25.2917756297396
"13","10169",0.93,34.4,41.7,3517,631,31.6460885106,-2247.33,-1.49971,-46.459,33.5395653149005
"14","10172",0.94,36.5,43.3,4390,669,21.6792950171,-1702.62,-1.27857,-41.16735,23.7292309154973
"15","10202",0.91,28.7,33.4,3478,850,32.146627691,-1774.95,-9.428525,-84.593975,34.9670964698642
"16","1021",0.94,40.8,43.1,6552,1111,39.2672828632,-1864.6,-25.5262,-190.099,38.7245639918691
"17","10223",0.96,42,47.4,5148,600,22.2486608663,-1948.01,-0.129777,-28.02255,22.8180974614552
"18","10224",0.96,43.3,48.6,5531,585,19.6429660005,-1638.61,-0.0642166,-26.9919,21.59359184302
"19","10266",0.96,42.5,48.9,4804,562,24.2377764412,-2002.06,-0.0641275,-28.0315,24.373254768498
"20","10274",0.97,48.1,55.2,4621,495,27.0035580947,-2259.52,0,-20.2367,26.0676969082884
"21","10290",0.88,26.6,30.9,2659,820,37.9375350925,-2071.35,-11.75065,-96.218525,43.7152293645962
"22","10292",0.88,24.6,28.8,2657,868,41.4292603666,-2321.47,-13.725,-109.88975,46.4326380511529
"23","10297",0.93,32.9,37.2,3452,761,31.9429518202,-1800.45,-5.38131,-66.092,33.3576967059382
"24","10306",0.96,40.9,48.2,4548,587,27.966828899,-1958.93,-0.1384105,-33.8314,25.6275595449947
"25","10314",0.96,47.4,54.3,5020,489,22.898641515,-1984.87,0,-18.35815,23.5133105350263
"26","10330",0.976914,58.33743,65.37503,5908.628831,390.803511,18.5495776864,-1954.87,0,-8.84563,19.0831175405359
"27","10337",0.91,27,32.7,2999,821,37.4080739249,-2007.63,-10.2946,-89.6694,37.6134735787133
"28","10343",0.92,32.4,37.3,3289,726,35.0380597586,-1561.21,-4.35001,-66.188125,34.6077636469689
"29","10355",0.96,47,54.4,4351,506,27.9490727895,-2762.45,0,-23.074025,28.2062170495653
"30","1037",0.95,45.9,49.3,7062,951,32.7884173346,-1755.85,-20.0929,-137.3305,31.2870068573784
"31","10373",0.973581,54.47894,61.21891,5646.069963,432.125023,19.341546991,-1955,0,-12.9938,19.5549119940716
"32","10378",0.97782,59.54014,66.54469,5951.443142,379.963569,17.8709599011,-2020.76,0,-8.866565,19.4343388738649
"33","1042",0.88,29.2,30.5,3766,1353,83.7736450485,-1880.21,-35.55355,-351.457,82.9628710749883
"34","1044",0.89,29.2,30.5,3823,1394,73.9631160936,-1774.53,-39.6439,-342.7545,76.5915649960198
"35","1055",0.89,33.5,35,3932,1321,47.4612058215,-1267.24,-24.3338,-253.8005,47.7129532366316
"36","1066",0.91,39.5,40.9,3952,1134,41.2783853151,-1485.24,-14.1886,-179.7125,42.7027860466455
"37","1067",0.93,41,41.8,5140,1143,29.2481161666,-988.729,-20.0329,-180.201,31.9073075731883
"38","1073",0.92,42.8,44.2,5401,1199,42.2902435849,-1496.46,-14.42815,-186.52725,42.7367912546797
"39","1091",0.83,29.5,29.8,2250,1208,96.1037622567,-1883.47,-21.0394,-307.896,92.1719820972597
"40","1092",0.83,29.2,30.6,2258,1186,80.8131715265,-1908.07,-20.4323,-291.131,80.8862388669744
"41","10934",0.89,21,22.4,4354,1513,70.5864077808,-1985.99,-86.41985,-329.16025,68.6635605456845
"42","10945",0.94,25.2,27.1,6210,1160,38.849292621,-1395.04,-39.76,-197.658,39.7418251410896
"43","10960",0.95,30.2,32.3,7011,972,29.6922851206,-1328.22,-21.2499,-132.2915,29.3445021745038
"44","10978",0.87,20.1,22.1,4278,1741,95.3132205673,-1676.26,-71.21265,-411.802,88.3772130508291
"45","1099",0.92,37.6,39.4,5965,1264,52.136906173,-1443.95,-37.82795,-257.3145,51.0705481638682
"46","10995",0.74,28.7,29.4,2145,1041,73.6072045194,-1934.17,-7.584665,-193.47525,72.6765361111768
"47","10999",0.94,38.2,39.6,6879,1076,29.2510058533,-1262.23,-20.1985,-145.36,29.7709829267877
"48","11000",0.9,18.2,19.5,4681,1473,63.3452766848,-1601.1,-82.1347,-304.3325,58.2650350211342
"49","11001",0.73,28.7,29.2,1853,968,71.9749188219,-2129.02,-6.53742,-178.6465,72.3168244758333
"50","11002",0.92,27.6,29.2,5253,1145,45.4915983434,-1791.16,-37.383,-198.147,45.0182589872024
"51","11008",0.86,19.6,21.6,4078,1390,72.1919743016,-1817.37,-75.0772,-317.183,73.8839516093058
"52","11018",0.83,12,13.3,3504,1784,93.8724797702,-1527.85,-167.958,-446.962,88.8090051587651
"53","11033",0.95,31.1,34.8,7039,955,29.2322182446,-1405.52,-19.4352,-125.347,28.8797356693245
"54","11034",0.96,31.1,35.9,7439,904,25.8585771084,-1377.58,-17.868,-115.00125,26.228132903907
"55","11038",0.96,34.3,36.8,7201,838,25.196143236,-1185.94,-14.40315,-104.48675,24.8051314907199
"56","11049",0.88,17.1,18.3,4317,1565,71.957916741,-1601.79,-95.40705,-341.54475,68.3279719088825
"57","11056",0.92,25.5,28,6431,1167,33.2198370349,-1331.6,-33.0227,-179.8455,33.7719939835034
"58","11067",0.59,4.9,10.2,1180,1549,98.1315942736,-1359.77,4969.29,-622.817,119.785607580028
"59","1107",0.9,29.3,31,4896,1457,71.2920631955,-1692.66,-43.08085,-340.07025,72.1900510255783
"60","11071",0.86,11.9,20.6,3860,1718,36.0170205152,-1195.03,-119.554,-304.46275,41.7806507973209
"61","11093",0.94,20.8,33.5,6675,1172,27.1210293143,-1187.56,-30.2246,-151.0805,27.9444233978722
"62","11094",0.95,21.2,33.8,6991,1094,23.2285652867,-1028.36,-27.3747,-137.148,24.2030489043927
"63","11098",0.95,21.2,33.1,6740,1046,23.2757560461,-1143.67,-27.2348,-132.81325,24.1179632827703
"64","11111",0.81,10.2,15.5,3460,1979,54.3884354278,-1559.12,-148.791,-386.35,62.7444369818758
"65","11116",0.86,12.3,16.3,4371,1587,73.8831885814,-2220.58,-122.334,-347.837,75.8565809838633
"66","11137",0.83,13.1,14.4,3995,1814,77.0915226504,-1730.48,-169.11,-435.79,81.9212438620768
"67","11159",0.88,11.1,20.9,4524,1744,63.0339728667,-1490.63,-162.855,-373.20375,64.6008014806823
"68","1116",0.93,36.4,38.3,5112,1234,70.4603920641,-1993.8,-31.8481,-264.864,63.1000115040347
"69","11180",0.94,19.2,28.7,6396,1093,35.0538514936,-1339.21,-32.00725,-164.403,34.2147394950091
"70","11201",0.96,27.4,40.4,7094,745,23.6550422407,-1277.22,-10.0718,-80.470125,23.6826088446549
"71","11252",0.97,31.2,47.1,8080,673,20.9372409988,-1203.57,-6.61875,-60.11275,20.7176661278688
"72","11256",0.86,13.8,21.6,4027,1501,76.7932981533,-1754.16,-128.1525,-356.46625,75.5659280592437
"73","11268",0.93,15.1,27.2,5999,1248,35.7044495332,-1361.89,-48.3225,-193.64825,36.4067239139893
"74","11304",0.87,13.4,24.4,4864,1444,50.7435736798,-1579.94,-96.4095,-296.015,51.8998133147427
"75","11322",0.92,13.5,25,5649,1381,54.8246925853,-1575.25,-71.5887,-252.9165,50.0658259518443
"76","11339",0.94,17.8,33.7,7114,1044,32.2555561565,-1394.14,-27.1396,-145.588,31.5353613433645
"77","11346",0.96,21,38.9,6191,821,19.9250831411,-976.847,-13.87995,-87.4851,20.6590180399181
"78","11349",0.79,7.5,13.9,3510,1968,100.1154089833,-1776.68,-186.144,-502.87775,102.182215066514
"79","1136",0.94,44.6,47.5,6415,1021,35.2425374535,-1863.38,-18.7855,-155.026,34.5252547550669
"80","11366",0.77,12.7,14.8,2727,1723,96.7803067177,-1701.51,531.456,-530.4215,110.222396279235
"81","11375",0.95,19.9,31.2,6609,1132,41.6004800446,-1509.28,-36.9483,-185.22,38.9763975106311
"82","11379",0.92,19.4,26.7,5995,1331,51.2025507307,-1417.37,-72.1046,-251.914,49.2630009954177
"83","11384",0.95,21.8,31,6678,1099,40.3189479956,-1492.1,-41.2411,-171.42325,37.8110481293291
"84","11390",0.95,24.1,33.9,7843,1056,29.1503333113,-1359.5,-33.4239,-145.79075,29.3368544831256
"85","11396",0.95,27.6,40.5,8735,849,22.0748594943,-1030.98,-17.4636,-94.57135,22.3081278761046
"86","114",0.66,4.4,7.3,1559,1127,231.8353992647,-2725.62,31072.9,-462.47175,204.137521301185
"87","11413",0.93,17.5,27,6427,1384,41.3963259162,-1278.28,-74.3984,-240.83875,40.7068623914699
"88","11417",0.93,17.9,26.4,6031,1390,59.4517799566,-1530.75,-79.7177,-259.158,52.9701366315088
"89","11423",0.95,17.9,25.6,6328,1333,49.3420450412,-1385.66,-72.0746,-244.796,46.1701666583468
"90","1145",0.88,26.8,27.7,3542,1454,112.2058941224,-2102.74,-25.7287,-354.42225,97.2080138907038
"91","11468",0.94,19.8,31,6244,1109,34.8776442625,-1517.97,-36.4714,-164.87325,35.59612509305
"92","11469",0.94,21.4,32.9,5708,1072,28.5559096528,-1415.71,-34.73895,-157.95125,31.9376906008573
"93","11495",0.87,13.3,18.2,4163,1646,70.853150167,-1488.45,-129.316,-361.232,67.3041082531111
"94","11502",0.9,16.9,24.5,5707,1387,46.1667300612,-1459.46,-61.64575,-241.26475,45.1596917326179
"95","11512",0.93,23.3,29.4,5989,1085,37.8822106661,-1597.83,-33.71495,-171.93025,37.0639260099962
"96","1152",0.79,26.5,27.9,2141,1211,97.9496697806,-2225.72,-21.68205,-293.54875,92.3999843337965
"97","11521",0.87,12.4,19.9,5172,1633,56.0013054747,-1485.04,-111.455,-320.741,54.6625727973395
"98","11559",0.92,19.4,24,5736,1371,45.157579655,-1368.52,-66.4663,-251.632,44.9998496472279
"99","11562",0.92,19.1,27.3,5575,1246,49.9274325501,-1731.23,-49.2634,-219.46275,46.5780184547447
"100","11563",0.92,19.6,27.3,6000,1233,41.6170995858,-1323.07,-44.037,-198.06,39.9190224260354
"101","11570",0.93,20.8,28.5,6305,1137,27.8797860267,-1054.87,-35.3798,-162.33175,28.6221622481463
"102","11587",0.96,29.6,41.4,8185,765,21.4783832169,-1278.43,-9.70177,-76.538075,22.0163348349853
"103","11625",0.94,34.3,37.4,6441,1055,25.3988427078,-1201.82,-19.2044,-143.129,26.6589230695469
"104","11628",0.84,18.6,21.2,3161,1638,48.9896651372,-1138.39,-65.9018,-320.9935,53.811769042943
"105","11630",0.95,38.1,41.3,6468,949,27.3279359588,-1505.87,-13.4107,-120.2615,28.3823208757552
"106","11635",0.96,44.2,48.3,7200,761,21.5011082748,-1523.14,-6.56201,-71.63655,22.595385631544
"107","11654",0.8,13.7,14.6,2781,1536,85.9640893269,-2022.57,-90.6105,-396.9335,87.2810695319247
"108","11659",0.94,31.5,33,6193,1136,44.9372162327,-1757.49,-24.9571,-196.16,43.5609747846972
"109","11665",0.87,19.8,20.8,3420,1330,82.3394120448,-2004.55,-67.28855,-346.48025,82.6071890208881
"110","11671",0.95,35.8,38,7048,1016,23.8914049221,-1132.88,-17.3528,-133.316,24.4666491578154
"111","11700",0.92,24.3,26,4820,1270,53.8132090888,-1467.06,-38.0916,-237.9155,50.5743029187561
"112","11703",0.93,30.2,31.7,5857,1220,46.2063690365,-1654.33,-29.63365,-220.95275,48.3560725343456
"113","11706",0.94,31.2,33.5,5604,1130,54.0785717052,-1833.33,-25.1003,-203.055,49.9504972101022
"114","11720",0.95,36,38.7,6118,963,43.1083503338,-1654.8,-14.74605,-155.36625,37.7253153258947
"115","11726",0.95,37,40.5,7048,929,30.9545035642,-1601.8,-13.999,-126.117,29.9892308098875
"116","11729",0.96,39.6,43.8,6630,814,27.0122555283,-1613.68,-9.828305,-99.82625,26.8451293200472
"117","11736",0.85,22.9,24.4,3135,1242,93.2363083256,-1836.72,-52.6059,-315.46525,89.6386372291309
"118","11766",0.95,39.5,42,6855,951,30.1507534575,-1247.69,-14.45425,-137.88775,29.3287527026157
"119","11769",0.95,37,39.6,6876,956,28.0865683034,-1494.66,-16.2096,-136.727,28.9757004760631
"120","11775",0.95,41.4,44.4,6196,829,22.6739821501,-1445.85,-10.63445,-95.9267,24.5533071257137
"121","11776",0.96,43.9,46.5,6944,788,28.2370442888,-1581.3,-7.25653,-91.5875,27.0021627434748
"122","11782",0.84,17.3,18.6,2904,1287,97.6207560024,-1854.87,-49.3251,-310.692,93.1251951481709
"123","11784",0.85,23.3,24.8,3214,1232,85.772965109,-1758.31,-45.9463,-301.273,83.2338549584218
"124","118",0.08,3.6,4.6,5,6,24.3645372247,-2522.29,1227040,289029.5,46.4130725221016
"125","11806",0.95,39.5,42.1,7558,878,21.1031486968,-976.558,-12.023,-107.822,22.1676737880883
"126","11809",0.88,24.8,25.6,4850,1437,64.2406622339,-1341,-38.82595,-279.874,59.3104854947546
"127","11842",0.92,27.6,29,5142,1298,37.0585817289,-1084.63,-37.9218,-247.683,39.4212526032736
"128","11849",0.93,32.1,32.9,4948,1196,72.0395261277,-1546.25,-19.4887,-224.9185,61.5461326885325
"129","11851",0.93,34.2,35.8,5663,1119,48.5943392882,-1431.88,-20.0012,-197.85875,46.3870169054831
"130","11855",0.93,27.3,28.4,5470,1227,61.2718275762,-1598.65,-25.10585,-228.88,56.5106960733176
"131","11858",0.93,34.1,36.1,5967,1069,30.3291168166,-1176.91,-17.0767,-162.5135,31.2220378398589
"132","11860",0.94,36.9,38.1,6778,1149,38.677663227,-1366.05,-14.1705,-160.467,36.6935904702955
"133","11863",0.95,37.8,39.4,6653,1025,23.6518272341,-1013.19,-14.1865,-128.853,24.2683013371911
"134","11865",0.94,35.6,37.9,6858,1011,27.5391242382,-1224.49,-16.71845,-150.30575,28.2382681771209
"135","11868",0.85,20.6,21.1,2756,1281,79.6495457729,-1526.12,-61.9158,-320.19,77.3789294661778
"136","11878",0.81,13.8,15.2,2562,1421,107.0406031632,-1732.71,-75.8887,-366.7165,94.4328238005682
"137","1194",0.83,29.9,30.4,2201,1219,91.7377175647,-1980.07,-23.3336,-336.3,92.5480025935812
"138","1199",0.77,22.3,23.4,2439,1285,127.2508842438,-1988,-21.1007,-405.0635,114.14659119777
"139","1205",0.9,27.2,28.9,4965,1629,71.370266398,-1358.33,-60.20355,-404.09175,69.3508214071223
"140","1208",0.9,29.5,31.3,5351,1560,67.7383467571,-1546.96,-54.7905,-356.729,69.4484591775624
"141","1211",0.91,43.6,44.7,5219,1108,46.2340766257,-1528.79,-11.6464,-191.64,45.3960212812068
"142","1212",0.9,31.5,33.8,4606,1411,88.9943534902,-1790.4,-50.079,-351.305,80.203389823947
"143","1215",0.9,31.1,33.1,5104,1387,59.0656981692,-1665.1,-53.9541,-301.95375,61.8718701824086
"144","12180",0.94,18.6,36.3,6163,1106,38.8140042985,-1357.97,-35.69745,-182.233,37.4050066691393
"145","12184",0.95,21.2,34.4,7565,1000,19.0588713162,-808.287,-24.4415,-124.323,20.8208099376477
"146","12188",0.95,20.6,37,6807,983,21.9367614984,-1086.27,-24.761,-123.318,22.6225822619372
"147","12195",0.96,20.8,40.3,7705,901,20.5953270372,-930.469,-19.6743,-106.476,21.2313353368113
"148","12198",0.83,9,16.2,3845,2138,65.0503980089,-1050.4,-167.2745,-445.24225,68.5235019777905
"149","12207",0.82,8.8,18.1,3652,1899,83.8944601452,-1582.9,-139.7745,-425.75425,84.1250437758999
"150","12220",0.94,17.7,30.3,6585,1178,22.2288614174,-791.21,-42.914,-173.21575,25.0352137617299
"151","12228",0.96,22.5,40.7,6559,926,32.1323559494,-1363.68,-23.2707,-130.94125,30.5998485491009
"152","12230",0.96,22.6,40.5,6618,879,25.4439558576,-1244.89,-20.0327,-112.38,25.5976404233525
"153","12234",0.96,24.3,41.8,7715,852,23.2709055197,-1236.72,-15.9235,-98.0451,23.81778759028
"154","12237",0.95,21.2,42.8,6917,952,31.5159981661,-1305.53,-17.511,-124.356,30.1351760006064
"155","12240",0.97,24.6,45.1,8337,807,19.5443282726,-980.752,-13.19985,-80.6601,20.2173558834141
"156","12241",0.97,25.4,44.7,7560,761,16.9707325637,-819.814,-11.7146,-69.807,18.5692541800017
"157","1227",0.93,37.4,40.5,5435,1209,58.8096149552,-1595.95,-38.1649,-249.339,56.7103446597263
"158","12275",0.96,21.3,40.6,6389,981,38.0622050215,-1391.94,-25.0863,-146.413,35.0261995722389
"159","12328",0.97,25.2,44.4,8050,724,18.0522762186,-916.692,-12.4788,-73.867725,18.9926747866087
"160","12329",0.97,25.3,44.6,6914,801,28.477164249,-1391.22,-13.9683,-97.94855,27.6446052209299
"161","12331",0.91,13.1,24.8,5240,1533,58.0243307893,-1324.63,-93.1073,-336.006,57.5302880584554
"162","12347",0.978577,34.36612,60.67274,7591.734058,502.547505,18.1631402819,-1248.45,-1.30804,-33.44675,18.6081228880068
"163","1235",0.93,40.6,44.4,6375,1064,39.3882121639,-1719.92,-28.6207,-171.273,37.5435539344353
"164","12355",0.9,14.6,31.4,5136,1351,57.6885066288,-1535.77,-59.2461,-269.583,53.2110310524695
"165","12359",0.92,16.3,31.6,5272,1214,43.8573261179,-1356.85,-52.6539,-231.298,43.7591220339541
"166","12378",0.97,28.6,48.3,7853,685,21.3479585544,-1244.52,-8.02499,-66.5404,21.3737527705188
"167","12381",0.96,24.9,48.2,7117,761,26.2225927863,-1251.56,-9.14481,-80.4627,24.8436030279632
"168","1250",0.93,40.2,42.9,5917,1119,34.8958432135,-1702.89,-27.7167,-190.034,37.7861732697205
"169","12559",0.87,14.6,21.6,4891,1652,66.1544167754,-1449.67,-99.9313,-383.1515,64.4989290696421
"170","12561",0.87,15.5,22,4710,1642,68.561446532,-1536.89,-87.4953,-364.5975,67.1543885815688
"171","12567",0.89,18.6,25.8,4507,1444,37.5326495213,-1241.89,-67.5429,-291.73625,40.6477021898948
"172","12580",0.92,20.6,30.2,6141,1299,37.2304729633,-1528.23,-45.6412,-242.2775,40.5442813523344
"173","12601",0.85,15.4,22.9,3161,1428,62.9018101491,-1830.82,-90.28435,-390.91225,72.7936453717335
"174","12604",0.9,17.4,22.3,5263,1551,39.8336355896,-1504.19,-86.825,-325.1975,47.463113872512
"175","12613",0.92,24,34.4,5257,1137,48.9814964434,-2121.54,-31.1316,-226.531,49.7957740333872
"176","12621",0.89,21.3,32.5,3754,990,61.9584076734,-2268.24,-17.2686,-187.443,56.8196478285595
"177","12633",0.94,30.7,41.7,5907,922,22.7112469854,-1787.07,-15.68755,-132.01575,25.9670114861318
"178","12643",0.77,9.9,16.1,2975,1644,122.5676194864,-2146.52,-83.5063,-456.0795,116.799098785902
"179","12650",0.8,13.9,21.7,2609,1426,70.6668995588,-1679.01,-76.81155,-353.34375,77.3963521470795
"180","12651",0.79,13.5,23.3,2471,1310,57.0546358211,-1735.73,-53.1743,-260.36925,64.2979880222887
"181","12678",0.73,9.1,17.2,1912,1685,93.2845913148,-1623.33,-71.45575,-413.09625,92.0613565434495
"182","1269",0.9,35.4,36.8,5654,1331,51.9046600835,-1866.14,-24.46775,-265.41925,54.4325759835043
"183","12690",0.69,12.5,19.1,1672,1269,87.4699886473,-2365.55,-79.2542,-399.9485,90.8803396526918
"184","12695",0.76,12,19,2602,1437,107.7789229535,-2234.59,-91.4582,-444.3635,109.215394598696
"185","12696",0.84,13.5,20.6,3251,1487,101.698682618,-1684.08,-110.8435,-441.51925,98.0995405906639
"186","127",0.2,2.2,4.1,0,0,73.1550764124,-2729.81,967117,251213.25,61.4576226383513
"187","12703",0.91,18.2,26,5317,1429,51.8489728417,-1273.94,-73.6909,-327.06875,51.4621267778527
"188","12719",0.92,22.5,30.1,6304,1284,38.8406354395,-1364.07,-46.147,-241.196,40.2809096357523
"189","1272",0.91,42.8,44.1,4979,1125,57.2895956393,-2129.74,-12.57245,-225.63175,55.5147137564897
"190","12739",0.76,9.4,17.2,2592,1537,132.8206534052,-2401.95,-26.6425,-468.3535,125.327774724404
"191","12803",0.91,24.5,37.1,3746,1015,56.6992397599,-2107.63,-22.7297,-194.5495,53.5452014514096
"192","12805",0.92,26.3,37.9,4521,1055,42.1814166151,-1609.47,-24.1504,-189.62975,43.0131890889189
"193","12847",0.91,19.3,25.7,5598,1471,54.7982390231,-1258.93,-74.48405,-330.95625,53.5812863860165
"194","12868",0.93,23.7,32.1,6649,1158,33.0553167413,-1609.14,-39.11265,-194.64125,36.0202245605829
"195","12871",0.93,26.4,34.7,6422,1107,35.398760891,-1549.14,-32.3032,-187.762,36.7584034176146
"196","12886",0.86,17.9,25.9,3489,1271,87.654338839,-2372.91,-61.5279,-341.157,85.1525452506716
"197","12890",0.9,19.3,27.8,4934,1342,55.8483567423,-1851.36,-61.8071,-318.3165,59.0631226863356
"198","12901",0.94,27.3,38.8,5747,1012,41.9058306823,-2033.65,-23.3535,-193.849,42.4652200994875
"199","12904",0.95,27.9,37.4,7115,1037,24.5044819561,-1655.74,-24.9176,-167.831,29.6313742041801
"200","12911",0.94,28.9,39.6,6577,1017,31.7688984147,-1820.17,-18.42745,-158.82425,32.8960693581156
"201","12920",0.95,33.6,46.2,6827,840,28.3096632724,-2090.34,-10.28875,-118.41275,28.4074182968571
"202","12923",0.96,37.2,51.2,6466,735,25.704516063,-2096.96,-6.22037,-92.853,25.3786054533855
"203","12934",0.8,16,22.8,2468,1254,80.767444202,-2190.93,-54.87945,-314.59775,83.0060466921273
"204","12941",0.89,20.7,29.6,3622,1199,64.3948705655,-2061.04,-36.8275,-257.443,61.7677964424201
"205","12943",0.91,23.2,32.7,4395,1194,46.7083988839,-1339.51,-32.2551,-230.7885,46.4985603181094
"206","12954",0.92,27.4,38.6,4880,984,37.5710287923,-1536.5,-16.0451,-158.1545,37.5243090904563
"207","12957",0.91,24.9,35.8,4544,1080,52.0633863196,-2025.19,-16.3906,-172.27725,47.439684546541
"208","12974",0.96,37.5,51.4,6693,749,23.01443258,-1370.51,-4.996005,-80.820175,23.43543838712
"209","12980",0.79,16.6,21.9,2207,1227,80.867157763,-2544.45,-58.1394,-315.854,80.1898571053106
"210","12981",0.77,8.6,14,1784,1531,185.8349510993,-2134.34,935.4745,-722.176,185.953144421947
"211","12988",0.92,18.1,25.8,5909,1468,41.2890000239,-1092.68,-80.9615,-326.09225,45.2511993760959
"212","13",0.85,11.4,12.6,4384,2020,97.900799509,-1680.05,-170.826,-485.62,97.0617108322236
"213","1301",0.95,64.9,66.9,6917,813,29.9895482912,-2095.98,-3.24665,-98.24605,28.5735277346077
"214","1305",0.96,66.5,69,8074,785,24.0341233455,-1807.11,-3.30002,-80.192825,23.8031321368788
"215","13069",0.97,42.2,58.1,7642,618,21.3022737903,-2033.78,-1.78684,-60.4889,21.7082391412783
"216","13078",0.85,19,27.4,3011,1191,72.5656878922,-1941.95,-43.2772,-280.2355,72.0416102355935
"217","13081",0.88,19.9,30,3125,1192,52.3670658802,-1351.07,-43.3225,-265.50775,53.3011707999094
"218","13086",0.91,24.5,33.7,3844,1084,45.5378517176,-1643.7,-26.3056,-203.535,46.8568416538158
"219","13095",0.93,29.9,41.3,4543,941,27.6307656599,-1365.49,-16.5224,-144.7655,30.5253758917555
"220","13115",0.96,38,52.3,5704,697,24.432477451,-1462.75,-4.73109,-80.8294,23.3154145272069
"221","13117",0.96,40.5,55.6,6509,641,21.5688890009,-1431.97,-2.85455,-63.6408,21.4507183154829
"222","13139",0.93,22.9,33.6,5286,1191,58.0355597057,-1700.5,-46.439,-255.4355,54.9514743681546
"223","13151",0.94,25.3,34.6,6641,1121,33.8866932716,-1349.07,-35.5937,-189.4435,35.1344506130452
"224","13156",0.95,26.2,35.8,6781,1015,29.2408458726,-1593.62,-28.8266,-152.046,30.7163189964347
"225","13165",0.96,33.3,45.6,7617,762,23.5601379261,-1615.22,-12.1044,-84.7295,24.0485872821712
"226","13187",0.95,30.8,48.5,4547,803,49.0552551257,-2627.81,-8.11258,-129.3735,40.0806251927739
"227","13196",0.95,31.8,43.1,6187,858,27.088634823,-1935.33,-12.03925,-125.4945,27.0250025860741
"228","13199",0.95,33.1,45.8,6727,870,28.0690221203,-1811.4,-10.0988,-115.816,27.9584302394252
"229","13200",0.96,33.7,47.8,7330,846,25.6540194,-1835.09,-10.493,-110.1905,26.3693620222473
"230","13209",0.96,38.1,51.9,6446,717,20.4140952642,-1787.37,-6.21893,-81.7309,22.019530500179
"231","13223",0.85,20.1,29.7,3004,1155,64.0033591093,-1729.6,-42.0397,-268.808,65.5250674115802
"232","13252",0.95,33.5,46,5587,815,25.0972503891,-1455.13,-10.82285,-111.65875,26.5046133177158
"233","13260",0.96,39.9,53.7,5369,671,19.3635735291,-1292.93,-4.036185,-67.618975,20.9274026236751
"234","13261",0.97,42.3,57.8,6499,617,20.8260030848,-1438.85,-2.30629,-59.0677,21.0938718164013
"235","13275",0.87,20.2,21.8,4235,1580,49.7331824218,-1411.1,-53.29475,-295.295,51.285266768891
"236","13281",0.91,28.6,30.2,5215,1302,38.4759588952,-1524.45,-31.109,-228.177,44.3552699637561
"237","13322",0.9,22.7,23.9,5431,1474,57.1432792792,-1350.66,-58.29175,-326.27425,58.0463560429847
"238","13333",0.94,34.6,36.3,6336,1076,40.7321887891,-1372.84,-20.7,-188.44725,39.0551528140264
"239","13343",0.94,35.9,38.1,7315,1090,31.573549218,-1142.49,-16.1977,-157.72,30.8006602589751
"240","13344",0.95,36.1,37.8,7887,1035,27.4644302658,-1153.04,-16.9764,-141.139,26.935540208285
"241","13349",0.95,39.5,41.3,7118,892,30.8209731213,-1455.04,-12.04215,-121.895,29.3216232997246
"242","13364",0.85,17.8,20.6,3612,1476,99.7752574392,-1831.4,-51.0883,-325.339,90.7929103492234
"243","13366",0.84,19.5,20.9,3812,1505,100.1909437933,-1827.41,-51.929,-344.814,93.0252548614739
"244","13373",0.91,25.5,27.1,5224,1368,69.1515364029,-1658.93,-42.1734,-303.375,63.412546184563
"245","13380",0.94,31.6,33.5,5850,1151,52.2217252183,-1531.9,-26.0836,-222.12775,49.5064158078132
"246","13391",0.94,36.3,39.1,6837,1070,33.5323507007,-1221.88,-16.675,-165.18025,32.1564809393471
"247","1340",0.93,51.7,53.7,5701,1018,25.6753033454,-1160.74,-8.76976,-134.878,27.3822964340122
"248","13402",0.96,43,45.7,7045,789,29.03939818,-1479.66,-8.09153,-95.9575,27.7135074124021
"249","13419",0.77,15.8,17,2510,1383,94.1442668107,-2110.79,-73.90595,-378.23575,94.9737713937815
"250","13433",0.93,30.6,32.9,5922,1172,51.323443237,-1902.36,-29.2102,-215.809,48.9279577676298
"251","13486",0.93,26.3,27.4,6640,1335,29.3466816584,-1088.98,-46.4899,-244.346,33.8958504990517
"252","1362",0.89,38.2,39.2,4977,1206,49.016079311,-1575.71,-13.4421,-219.401,52.4937431351245
"253","1367",0.79,25.8,27.5,2658,1276,110.1212505425,-2393.69,-13.1036,-310.92125,102.268015744707
"254","1369",0.83,27.7,28.7,3213,1372,100.3996327152,-2174.84,-24.4352,-357.3655,98.8602977072622
"255","1379",0.92,39.7,41.4,5797,1192,43.3408816556,-1653.68,-26.22675,-220.21475,46.050555177392
"256","1388",0.8,21.4,22.2,2473,1349,117.5922413807,-1875.01,-40.79125,-411.18,110.594202640561
"257","1395",0.93,47.6,48.8,4888,1085,62.7964678345,-2140.62,-7.603695,-201.6625,55.6947017058847
"258","1396",0.93,43.2,44.7,6555,1181,34.6825713112,-1732.71,-20.8768,-201.8195,38.0963758134159
"259","1399",0.83,24.3,25.3,2969,1443,99.3319883255,-1754.2,-41.0415,-409.327,99.0943568969738
"260","1402",0.94,48.3,50.5,5780,1020,26.2550217109,-1824.83,-14.498,-145.36875,29.5805450412027
"261","1416",0.71,26.2,26.9,1433,1002,87.4962605963,-2072.82,-13.4075,-243.576,79.200267966905
"262","1430",0.88,40.2,41.7,3895,1229,65.3479582767,-1574.31,-12.302,-242.682,60.053366156739
"263","151",0.72,6.6,9.6,2463,2034,145.0908910954,-1910.92,1524.945,-617.028,148.915573474095
"264","161",0.77,8,11.8,2667,1858,144.7316668655,-1862.62,-151.948,-573.405,137.335162270154
"265","166",0.79,8.9,12.2,3326,2100,131.1670886598,-1706.13,-80.96835,-499.942,117.194145060919
"266","169",0.81,9.5,14.5,3771,2230,63.7521870769,-1341.99,-176.695,-423.178,67.8870645407767
"267","1700",0.91,12.7,14.5,5980,1529,39.139857514,-1042.42,-112.923,-302.996,43.2205576844882
"268","1704",0.93,15.1,19.1,7220,1289,39.8468803928,-1253.19,-64.7955,-226.7195,39.5526805433889
"269","1792",0.84,8.1,9.1,5046,2183,155.1929042189,-1426.29,-364.338,-615.7025,144.869965925488
"270","1811",0.96,21.6,25.6,9499,787,18.7855031386,-923.421,-17.791,-86.7767,19.9647071972149
"271","1816",0.96,24.1,26.2,7940,861,27.8889385273,-1015.78,-20.05485,-113.17375,26.1073325504111
"272","1836",0.92,13.5,17.4,6429,1530,44.0814094871,-1264.85,-112.97,-305.1025,45.7180466456874
"273","1839",0.9,13.1,17.9,6457,1515,49.1573758856,-1334.53,-95.0514,-273.474,47.470665363756
"274","1841",0.93,16.4,20.2,7180,1208,39.964009834,-1304.93,-55.6381,-210.98075,37.8430543789167
"275","1843",0.95,17.2,20.7,7398,1113,35.36179681,-1105.47,-49.4803,-191.5215,33.2350412877125
"276","1845",0.95,18.4,21.3,8021,1036,29.5402035542,-1031.25,-41.9261,-167.7975,28.3585561689048
"277","1855",0.97,23.8,29.6,7859,733,26.0862560507,-1146.62,-14.4098,-87.9287,24.4995274289533
"278","186",0.36,3.4,6.8,263,376,102.7515499184,-2364.48,133986,7661.865,112.863933774916
"279","1863",0.97,25.4,31.9,8264,657,19.6587174106,-1054.44,-10.5469,-66.47725,19.5993007979028
"280","187",0.42,4.1,8.3,423,612,134.658096801,-2524.3,110626,3087.855,140.152028564338
"281","1883",0.93,14.1,19,6859,1449,46.4041625959,-1365.03,-99.3785,-291.907,45.9790384802181
"282","1891",0.95,18.5,21.7,7339,1042,32.652512069,-1175.62,-42.2701,-172.824,30.955366914495
"283","1905",0.97,25.7,31,7940,672,21.9626657411,-1133.81,-10.99435,-71.15155,21.2170593385922
"284","1915",0.97,27,32.7,9313,614,18.2610101509,-991.048,-7.016385,-52.209175,18.5745779240762
"285","1920",0.98,29.3,35.8,8704,549,19.6148331388,-1148.71,-4.50944,-45.07285,19.2105350088588
"286","1930",0.94,15.9,20.1,6921,1252,37.5775729224,-1311.94,-67.5849,-230.265,38.5414194087728
"287","1944",0.95,20.8,25.8,7408,981,30.530079555,-1240.55,-32.3745,-143.57,29.6591228451752
"288","1953",0.96,25.2,29.9,7660,781,23.4247033945,-1095.04,-16.5156,-89.8996,23.4952452296032
"289","1959",0.96,26.1,31,7874,729,20.5325500922,-1215.13,-13.7933,-75.7337,21.1817337605038
"290","1960",0.96,23,27.4,8068,857,25.9785820331,-1026.41,-18.39775,-105.77275,24.8032173376603
"291","2006",0.95,19.6,23.6,8893,1060,26.1624941554,-1024.9,-35.15455,-147.87325,25.7432152081815
"292","2044",0.93,17.9,21.5,6350,1145,26.3397851141,-971.1,-51.30415,-185.426,27.9130677807976
"293","2049",0.94,18.7,22.5,7517,1109,27.1996606595,-1154.19,-47.32775,-174.52775,28.0861607162808
"294","2050",0.93,16.9,21.7,7092,1276,45.1824862836,-1410.22,-58.3569,-221.461,42.4136688484742
"295","2061",0.95,21.4,25.9,8267,931,26.3693133517,-1182.89,-27.3758,-125.3055,25.2475873754722
"296","2062",0.95,22.4,26.9,7307,878,20.5400355336,-986.6,-23.6421,-106.762,21.5697491676298
"297","2071",0.84,10.4,12.7,4674,1809,99.0856453702,-1274.3,-238.181,-517.60875,95.981349693386
"298","2094",0.95,19.4,23.7,7306,1068,37.1182291288,-1437.94,-43.8699,-180.504,35.4418212680216
"299","2122",0.84,8.2,10.1,4921,2144,163.6026986478,-1291.36,-353.3545,-608.40975,140.449337649855
"300","2128",0.93,15.2,19.5,7854,1344,37.2530803328,-1218.18,-82.5277,-259.0815,37.9351892913728
"301","2130",0.94,16.6,20.3,7446,1224,40.4502038904,-1179.84,-61.2885,-220.0515,38.0618352149284
"302","2133",0.88,11.2,14.4,6284,1804,54.5978490882,-1104.64,-168.91,-394.1,56.3930437249121
"303","2134",0.95,18.6,22.1,8274,1109,29.5048396421,-1117.35,-43.5422,-169.66975,28.4063452856423
"304","2135",0.96,24.3,28,8110,843,24.8170250685,-1163.03,-22.159,-109.725,24.9579868351601
"305","2141",0.96,20.7,24.3,9149,917,20.941419351,-932.204,-28.18305,-117.84175,21.3792138822686
"306","2142",0.95,19.7,24.7,7696,1018,33.8128683109,-1250.58,-37.81325,-163.4595,31.6843476484708
"307","2152",0.96,22.9,26.9,9015,836,22.1490184333,-1053.03,-20.98055,-100.838,22.6614598210662
"308","2158",0.97,26.2,30.6,7798,705,19.0920959163,-1000.35,-12.4135,-70.28785,19.5051258310882
"309","216",0.83,9.1,11.5,4298,2207,67.7317614371,-1360.25,-250.5,-469.6275,74.9367896261669
"310","2167",0.9,13,16.3,6563,1589,58.1901769252,-1288.62,-111.195,-323.8625,55.2978717987528
"311","2179",0.82,7.7,10.3,4948,2197,115.0169389358,-1212.8,-293.444,-564.981,111.461518122951
"312","2185",0.94,18.6,22.3,6458,1110,25.8494576057,-1003.53,-46.5095,-173.96,26.197975692308
"313","2186",0.95,17.6,21.8,8844,1128,23.8357428782,-896.271,-45.381,-163.2195,25.1952172317491
"314","219",0.83,9.3,13.7,4432,2196,92.0791840078,-1541.65,-250.7915,-537.02075,95.702495173236
"315","2210",0.83,8.9,12.2,5146,2009,114.0722671552,-1647.3,-225.439,-482.01525,107.424112451294
"316","2215",0.87,10.5,13.3,5752,1851,83.3075279404,-1360.19,-197.4525,-455.47425,79.8879646551211
"317","2264",0.9,12.7,16,5838,1577,45.8125095854,-1127.25,-123.974,-331.511,48.7900802182152
"318","2276",0.94,19.2,23.8,7612,1066,33.2019308684,-1315.66,-41.661,-171.16525,32.342222372244
"319","2279",0.95,19.8,23.9,8906,1019,22.6119712356,-958.714,-35.44555,-139.17225,23.2491999749926
"320","2300",0.97,28.4,33.6,9098,654,20.1769980475,-1344.42,-8.292425,-58.198025,20.3034643005306
"321","2309",0.91,13.5,17.1,6638,1552,58.4312895559,-1380.92,-110.955,-324.106,55.2178322699389
"322","2313",0.93,15.1,18.3,7774,1362,37.8032176233,-1134.38,-83.33575,-259.5055,37.289267655652
"323","232",0.49,3.7,6.9,473,654,173.3494436803,-1905.8,59166.8,1750.895,156.776873651484
"324","2321",0.96,23,27.9,8117,844,24.5623381744,-1122.77,-22.00395,-110.612,24.6895992016733
"325","2337",0.97,24.7,29.4,7678,812,28.9660543417,-1208.33,-20.2098,-108.7925,26.9047264344484
"326","2340",0.97,24.7,29.6,8612,779,24.5621553884,-1134.38,-16.94325,-90.36865,23.7197000047102
"327","2343",0.97,25.3,30.6,8802,759,22.865453068,-1113.14,-14.7303,-82.4116,22.5296365292582
"328","2353",0.9,13.3,17,6590,1578,55.7246640904,-1327.86,-109.652,-319.246,54.1821667895353
"329","2354",0.9,12,16.4,6525,1700,67.071195365,-1451.3,-133.9925,-351.16475,64.9143577561059
"330","2370",0.73,5.3,10.3,2058,1666,175.6534004115,-2006.31,2861.85,-647.215,177.697814158422
"331","2377",0.44,3.1,6.6,241,414,100.8896524298,-2321.81,94721.4,5390.785,114.357809822768
"332","2378",0.75,6.6,13.1,2965,2090,103.4333279414,-1451.66,65.2164,-530.236,105.567654203788
"333","238",0.61,4.7,8.6,1018,1047,174.9703924514,-2730.05,24438.8,-798.744,176.725357083056
"334","2383",0.81,7.1,13.9,3731,2360,80.8181843832,-1314.05,-138.247,-472.804,84.5078155502454
"335","2386",0.79,6.9,12.9,3490,2132,95.0069612081,-1801.7,-139.136,-520.483,103.500350252465
"336","2387",0.79,7.7,14.2,3374,1946,115.6714161325,-1906.69,-139.428,-526.868,114.77192327985
"337","2390",0.79,8.4,14.9,3522,1945,96.3143841833,-1885.85,-156.464,-447.6125,97.7120390380327
"338","2405",0.79,7.5,16.7,3504,1708,103.6609940784,-1650.77,-133.554,-505.6265,107.454515610198
"339","2413",0.9,11,22.4,5982,1642,51.7869003697,-1308.72,-101.3305,-331.04025,52.3003891055969
"340","2420",0.91,12.1,25.5,5663,1408,46.0169174974,-1819.23,-77.5035,-269.07575,47.1160052718449
"341","2435",0.93,15.9,28.5,6558,1215,38.8258555023,-1836.93,-50.0073,-201.4225,38.5645983668401
"342","244",0.63,5.8,9.2,1330,1313,173.1608717349,-2553.86,15770.5,-775.66675,181.463972107198
"343","2446",0.8,6.8,14.2,3574,1920,121.7730503601,-2119.91,-148.6605,-524.81575,120.498319752292
"344","2449",0.79,6.1,16.8,3346,1700,121.3020469403,-1957.97,-118.508,-500.901,123.152082846241
"345","2465",0.93,13.9,29,5785,1288,50.9762636578,-1751.73,-65.6824,-255.25575,49.1372333097107
"346","2466",0.93,15.6,27.7,5905,1272,46.7514660964,-1936.72,-61.442,-244.82525,46.7913616489951
"347","2470",0.93,13.1,29.2,6983,1182,25.800031721,-1582.95,-48.57915,-175.18425,30.3143168605714
"348","2483",0.94,16,33.6,6954,1057,32.2402284376,-1860.11,-34.9235,-156.782,32.8712925101996
"349","2503",0.83,9.4,17.5,3545,1737,58.1393626279,-1340.22,-127.7845,-398.582,59.5329649943383
"350","2517",0.9,14,26.3,4598,1338,33.1239384677,-1291.95,-63.3118,-232.072,35.5475740193833
"351","2518",0.91,14.1,26.9,5557,1310,27.4013146027,-1003.56,-58.1905,-206.661,30.7568885590181
"352","2526",0.91,15.3,29.7,5872,1239,31.1176476336,-1277.19,-47.3317,-191.15625,33.4572564091737
"353","2552",0.84,6.7,15.1,4044,2051,84.7675650232,-1254.04,-198.4995,-567.43275,95.2994024433668
"354","2553",0.8,6.5,13.2,3113,1815,176.4742853581,-1861.81,-158.199,-638.483,164.184907428031
"355","2559",0.85,8,16.8,4099,1801,130.7251428194,-2034.06,-157.485,-530.97725,122.979159049435
"356","2567",0.88,7.7,19.2,5950,2005,83.1753764184,-1476.85,-119.3105,-405.989,79.1325483960434
"357","258",0.82,9.1,14,4275,2062,75.834463608,-1987.08,-224.74,-510.12425,89.6511562535702
"358","2591",0.73,4.9,14.1,2447,1644,178.2973592028,-1935.48,629.268,-657.0025,176.745362981858
"359","2597",0.87,8.1,19,5353,1862,65.8546780334,-1648.78,-144.7765,-430.53675,75.2749768006512
"360","26",0.87,14.5,16.8,5892,1954,57.7567040741,-1455.57,-123.46,-358.23175,61.3619384779502
"361","2611",0.91,12.9,23.4,7057,1678,45.2568247615,-1715.91,-92.05005,-300.2415,47.2292766224091
"362","2622",0.93,15.9,29.3,6066,1213,38.0097044534,-1896.35,-54.7602,-212.059,40.4988024876003
"363","2655",0.88,10.6,22,4273,1566,80.1082697645,-1616.43,-109.832,-375.131,74.4301323047106
"364","2664",0.9,12.7,26.1,4845,1344,42.8647027506,-1513.28,-69.9893,-261.188,45.4818909283664
"365","2674",0.53,3,9,915,910,159.9716069476,-2272.76,46137.3,-649.08,162.35724193018
"366","2690",0.85,8.8,18,4242,1801,96.4086404469,-1845.69,-153.697,-490.6785,101.39698509701
"367","2702",0.89,9.7,19.5,4687,1660,101.4313067947,-1959.82,-129.992,-435.415,91.9526430615315
"368","2703",0.89,9.8,19.7,5968,1791,50.9947291797,-1200.29,-132.799,-379.26,54.3773590633395
"369","2721",0.44,2.5,6.8,366,590,139.71712917,-2369.71,72870.35,1621.5,143.514347623052
"370","2743",0.69,4.5,9.8,1673,1431,192.8534822829,-1941.89,5157.045,-743.97825,193.295024024398
"371","2744",0.88,11,19.9,5440,1679,46.8194972146,-1809.64,-115.077,-339.006,56.3332020190633
"372","2787",0.82,9.3,16.9,3337,1728,49.233229478,-1380.26,-128.028,-380.387,55.4176978587803
"373","2805",0.88,12.4,21.6,4356,1467,32.1991932231,-1275.1,-80.05925,-260.1515,37.0523042339696
"374","2816",0.5,4.9,8.9,743,907,147.7430757668,-2410.9,30783.6,-554.405,149.972294613229
"375","283",0.45,3.7,6.3,320,445,113.5793329663,-2228.26,71642.7,2839.66,120.484842926273
"376","2842",0.89,9.1,19.2,6186,1860,67.4454547425,-1464.45,-105.521,-358.36125,65.6070089751902
"377","2851",0.9,11.8,21.6,5688,1545,54.2483980751,-1879.46,-95.31265,-314.68325,54.9250325837257
"378","2855",0.92,14.7,25.9,5807,1321,44.5459018411,-2094.46,-66.7596,-244.7735,45.3857607464838
"379","2856",0.92,14,25.5,5424,1326,32.0981158572,-1582.99,-61.2116,-216.181,37.5073610973364
"380","2866",0.78,6.5,14.5,3152,1726,147.1684820858,-2039.23,-143.842,-578.97225,143.805022217901
"381","2867",0.76,5.8,14.2,3222,1818,138.6164380106,-1982.73,-135.01,-571.151,139.501596253415
"382","2887",0.78,5.4,13.6,2867,1797,161.4429116297,-1695.73,-191.7175,-660.74775,158.591551790417
"383","2900",0.93,13.8,27.3,6660,1282,39.5541413777,-1939.46,-58.1743,-216.3205,39.8883729130668
"384","2924",0.64,4.5,10.3,1322,1449,148.7219559451,-1633.39,5203.6,-592.9235,150.891757064642
"385","2940",0.9,12.9,23,5326,1580,43.9798514401,-1306.62,-85.4042,-289.293,44.811330896938
"386","2948",0.9,12.9,24.5,5195,1387,44.7419921662,-1561.81,-71.77975,-260.068,47.3585363856294
"387","2973",0.88,10.5,19.4,5331,1713,65.9030857887,-1788.61,-131.338,-394.13275,69.2991400282113
"388","2992",0.92,13.1,23.9,6491,1414,40.0870588289,-1852.26,-79.83575,-256.74475,42.6097855613171
"389","3003",0.77,6,11.4,2573,1738,178.787324265,-1555.79,800.564,-718.929,172.883408231179
"390","3008",0.75,5.7,11.5,2582,1720,180.595433722,-1824.62,979.534,-623.10175,171.286106563673
"391","3022",0.91,12,20.8,5642,1574,61.8897722349,-1850.16,-111.306,-344.3645,63.0750168123524
"392","3023",0.92,12.1,24.4,5598,1536,71.5466645992,-1835.79,-106.495,-349.972,66.4061107728863
"393","303",0.81,9.5,12.4,3574,1970,72.3352008257,-1330.63,-215.208,-435.07025,72.697085097026
"394","304",0.45,3.4,6.4,355,567,101.4703309328,-1874.18,46715.9,904.81125,123.264567267353
"395","3049",0.95,18.4,29,7632,1025,29.4511533311,-1945.27,-33.0954,-144.2185,29.8337176516889
"396","3053",0.83,6.9,11.6,3929,2079,116.2617442249,-1783.13,-212.223,-572.81175,116.534947506154
"397","3064",0.83,8,11.6,4054,2133,72.9236917542,-1210.1,-221.831,-473.31,78.9250378083623
"398","3066",0.83,8.5,13.4,3569,1895,86.5849411616,-1508.03,-185.711,-465.48725,88.6731707082811
"399","3070",0.86,10.1,15.3,4116,1763,85.3294229796,-1668.42,-153.657,-423.7855,83.4223741980734
"400","308",0.77,7.8,13.4,3161,2032,100.2214950556,-1467.09,-187.108,-497.834,98.9202711495663
"401","309",0.8,8.2,14.3,3405,1997,74.2641799346,-1286.25,-188.6905,-452.93075,78.4366921432416
"402","3096",0.91,16.1,21.7,5039,1280,30.0916819861,-1361.91,-55.3362,-205.519,33.9253069924362
"403","31",0.89,14.5,17.6,5825,1703,41.6154593207,-1626.77,-115.1265,-309.02525,47.5853566762725
"404","3103",0.67,6.6,8.6,1910,1603,177.2110725772,-2179.75,6780.485,-672.11475,184.616702588684
"405","3127",0.58,4.2,9.1,908,1144,150.5948613198,-1876.75,33719.7,-407.0895,150.690960683126
"406","3157",0.77,5.4,14.3,2429,1817,152.5535149741,-1559.95,653.329,-693.5965,160.158829889058
"407","3176",0.86,9.2,19.4,4868,1848,62.8327805039,-1341.1,-160.045,-405.074,65.5656495124368
"408","3179",0.87,8.5,21.7,5262,1878,80.5277387938,-1755.87,-139.909,-409.945,81.9342664968376
"409","318",0.82,9.7,15.1,3456,1853,42.978282501,-1258.68,-167.277,-350.374,51.4698778674948
"410","32",0.9,15.8,17.7,5774,1590,50.2356417776,-1657.75,-103.636,-310.442,51.4002525461167
"411","3214",0.85,7.9,18.1,3896,1886,130.9178406222,-1725.21,-174.209,-556.685,124.03342285775
"412","3226",0.88,8.8,21.9,5262,1948,91.6325808616,-1642.06,-145.4875,-409.5715,86.2389750316714
"413","3247",0.64,4.8,10.2,1316,1220,190.9226717795,-2567.19,23018.4,-625.662,185.038790713051
"414","3258",0.81,5.9,17.3,3338,1942,137.0540564357,-1595.14,-106.5635,-601.265,133.254742462738
"415","3269",0.85,8.8,19.1,4002,1799,121.0570825555,-1774.27,-151.0935,-517.718,113.198637181225
"416","3274",0.88,9.1,22.9,5093,1838,87.489551583,-1643.12,-156.43,-402.6305,82.5781214999842
"417","3275",0.87,8.8,22.7,4866,1769,83.5338762247,-1663.68,-147.757,-410.8305,83.5033105148129
"418","3288",0.91,12.1,26.1,5041,1445,38.9860013902,-1487.84,-87.2777,-263.891,43.4891666450803
"419","3300",0.79,6.7,14.6,3631,2041,156.6138899739,-1707.92,225.531,-613.939,146.644065514897
"420","3303",0.81,7.1,14.9,4377,2129,120.1457852996,-1505.62,-142.9715,-569.37575,114.704113036302
"421","3330",0.77,4.6,12.8,3128,2043,178.8174889972,-1565.61,1667.59,-674.183,169.169361360335
"422","3332",0.9,12,24.6,6236,1545,48.6502319102,-1806.07,-97.1009,-283.152,49.6374353232457
"423","3335",0.91,13.5,26.6,5950,1372,43.5550287929,-1831.66,-73.9331,-251.40125,45.4973008535969
"424","3340",0.66,5.2,9.5,1719,1408,174.7544286041,-2014.93,24109.9,-447.9105,170.847785313552
"425","3343",0.72,6,14.3,2470,1668,178.4647927706,-2039.82,4066.18,-638.39925,177.846975433329
"426","3375",0.87,10.8,16.8,5470,2079,70.210140992,-1186.56,-185.285,-446.665,70.4892237041001
"427","3380",0.87,10.8,18.7,5288,1846,70.8987687697,-1686.01,-145.4045,-392.2035,71.6193184085668
"428","3405",0.9,18.1,21.5,4820,1303,34.4295064914,-1491.6,-55.913,-223.257,38.582835272999
"429","3407",0.91,19,23.4,4791,1231,45.5147529251,-1628.91,-51.10465,-227.55275,45.1365795359753
"430","3408",0.92,19.9,23.6,4946,1188,39.9513336709,-1575.44,-47.3138,-211.8395,40.0494567107275
"431","3426",0.82,11.3,13.8,3678,1850,54.8014661918,-1249.68,-121.4385,-355.41275,55.8661198759668
"432","3430",0.95,25.4,31.8,5940,865,26.7714944007,-1545.98,-18.8372,-110.376,26.622127744793
"433","3436",0.82,10.6,15.1,3506,1788,66.8707025855,-1630.03,-128.629,-380.68825,68.3963645248023
"434","3443",0.79,9.5,11.4,4004,1864,152.660068284,-1951.22,-225.309,-562.0775,135.017460274292
"435","3482",0.95,23.7,27.6,8462,991,30.4244772201,-1667.04,-28.7541,-138.56,29.2359404209028
"436","3533",0.55,5.2,7.8,1092,1316,116.7682953562,-2108.51,16712.4,-465.22025,126.000300170626
"437","3543",0.79,6,8.4,2711,1576,235.7247547754,-2235.2,14619.6,-1032.39,215.265614625987
"438","3591",0.79,9.8,12.7,3329,1923,73.7302224479,-1380.05,-170.522,-428.114,73.6461457734253
"439","3604",0.89,15.8,18.8,4836,1495,29.6123690463,-1091.83,-76.1568,-249.31,33.5135003320146
"440","3677",0.6,5.6,7.3,1244,1089,206.7747727272,-2610.89,38313.5,-256.621,188.118226918206
"441","3721",0.95,25.6,30.7,6161,878,24.6643662998,-1494.42,-19.47855,-110.01375,25.7202421299029
"442","3745",0.88,13.9,16.8,5826,1727,100.3935413077,-1763.16,-155.913,-438.043,90.7162979568879
"443","3765",0.93,18.4,21,6617,1332,37.6356119935,-1321.27,-66.28815,-243.52575,38.9327456283408
"444","3769",0.95,20.8,25.7,8519,1127,35.4951514811,-1507.47,-42.569,-184.49,34.9238241226204
"445","3772",0.69,6.1,9.5,1848,1326,212.3060686139,-2659.51,16849.65,-669.14725,202.65490707433
"446","3774",0.69,9.3,10.2,2076,1335,206.2503106828,-2425.92,5270.84,-560.275,182.965720809149
"447","3782",0.87,14.7,17.7,4272,1517,44.1307752207,-1456.36,-83.14545,-300.038,48.0130540821728
"448","3792",0.92,20.9,23.8,4942,1139,38.7312796788,-1809.28,-41.579,-196.316,39.1408354748657
"449","3793",0.920007,20.26313,24.30815,5119.001207,1124.089642,34.3126283149,-1760.64,-39.1395,-184.007,34.874903403243
"450","3794",0.92,20.7,24.4,4967,1108,32.3706984518,-1720.05,-38.5491,-179.3695,34.2049829601005
"451","38",0.91,18.5,20.1,5760,1393,40.1648800497,-1542.79,-73.2064,-251.97075,43.1667885585145
"452","3802",0.93,20.4,24.7,5980,1174,30.2305081396,-1422.05,-31.8173,-155.795,32.0453321396807
"453","3805",0.93,21.3,25.6,5609,1043,22.8262727697,-1224.51,-27.2377,-130.77125,25.7869062323605
"454","3808",0.931468,22.43978,25.54811,5522.824983,993.695554,25.1737125808,-1715.2,-27.82075,-133.314,28.2530017851864
"455","3819",0.83,12.7,15.7,3575,1698,62.7586383136,-1802.97,-112,-353.2555,68.7827718492912
"456","3823",0.83,13.2,16.8,3477,1562,71.3937319579,-1788.55,-103.243,-335.83875,71.5725465348384
"457","3837",0.82,11.7,13.8,3643,1808,66.4406151487,-1688.97,-133.2245,-372.66675,69.8442065216757
"458","3846",0.87,14.5,18.2,4453,1550,51.0064294565,-1655.82,-82.22065,-298.2545,54.3884670795744
"459","3878",0.79,10.2,12.7,3267,1878,73.4351479302,-1562.11,-169.839,-409.72,76.289444047519
"460","3886",0.88,15.1,18.5,3994,1478,60.3577808965,-1892.12,-87.67845,-326.19775,65.0792272574795
"461","3902",0.91,19.2,22.1,4668,1244,50.5623175685,-1814.18,-54.55115,-245.725,48.8664334694019
"462","3903",0.91,17,21,5189,1325,33.0952872473,-1318.6,-57.02725,-226.95575,35.1675242973169
"463","3905",0.92,19.4,23.4,5085,1180,37.2705170995,-1721.48,-47.1556,-207.0335,38.362014901349
"464","3907",0.91,19.3,23.2,4958,1192,35.117232746,-1744.1,-46.33235,-201.61075,38.2004746346627
"465","3913",0.94,23.4,28.2,5895,927,25.6973649213,-1726.27,-23.7099,-119.552,26.8794438741675
"466","3917",0.72,8,10.1,2337,1922,98.0970065386,-1801.86,192.001,-479.86775,112.214170535843
"467","3941",0.91,17.6,22,4652,1313,51.341412601,-1825.72,-59.3313,-251.8005,49.0819787493878
"468","3955",0.93,21.5,26.1,5331,1078,31.6928941017,-1724.3,-33.5601,-164.882,33.0673649082843
"469","3962",0.951299,25.30889,30.97411,6600.710837,897.44267,24.253389041,-1477.21,-17.4324,-106.765,25.0225277385894
"470","3965",0.78,9.8,12.5,2802,1837,77.5456910007,-1942.69,-175.296,-417.393,86.6026854150613
"471","3977",0.76,6.8,11.5,3592,1929,175.5231802502,-2138.28,461.571,-671.969,172.610664236567
"472","3986",0.83,8.8,13.5,4954,1993,110.8139500774,-1969.61,-218.833,-504.86675,106.648841429789
"473","4007",0.89,12.7,18.3,6076,1599,55.2516669596,-1823.43,-112.3175,-324.298,55.715085101131
"474","4008",0.89,12.5,18.4,5601,1601,42.6693081903,-1385.35,-102.081,-294.99675,45.9746077883221
"475","4020",0.13,1.8,3.8,0,0,57.547671742,-3545.73,814909.5,137862.5,63.2023925868307
"476","4092",0.13,1.8,3.5,0,0,159.6316684589,2516.04,419791,111472.75,117.343436523756
"477","4103",0.03,0.9,3.2,0,0,15.3561778155,1138.62,1504470,363134.75,46.0117729311643
"478","4110",0.35,2.4,5.2,99,106,89.542281093,-2865.02,296459,30326.3,100.933071553687
"479","4128",0.77,6.9,10.6,4311,1975,193.5917139546,-1874.55,914.448,-715.49375,179.322929132465
"480","4137",0.82,7.2,10.6,5574,2249,172.7547615549,-1557.42,276.766,-632.459,155.407561767657
"481","4148",0.87,11.1,16.5,6780,1816,70.0368361872,-1708.42,-147.3,-381.384,71.0346442294774
"482","4152",0.27,1.8,4.9,47,60,58.702225944,-3495.08,524756.5,59708.3,69.6560322233805
"483","4154",0.14,1.4,4.6,18,26,39.0836387642,-3333.69,1041650,181749.25,49.4159794409387
"484","4195",0.9,12.6,18.7,7240,1621,51.5151926375,-1650.54,-121.711,-323.2465,52.5599572011303
"485","4197",0.36,3.1,5.2,81,91,110.9032153863,-2994.52,268556,24578.3,112.589386676096
"486","4214",0.9,12.8,16.9,6426,1552,40.2079793143,-1233.1,-106.453,-290.184,42.5472429576538
"487","4216",0.95,21.1,27.1,7311,918,28.5387888052,-1430.31,-27.45805,-129.676,28.0617402580806
"488","4231",0.96,25.7,29.5,8308,757,18.9220348759,-981.6,-13.5252,-75.65315,19.6340415352134
"489","4238",0.97,27.8,32.1,8564,692,21.2355014618,-1268.41,-10.1389,-67.9212,21.0398791741866
"490","4250",0.91,14.7,19.2,6439,1401,41.9552846833,-1371.6,-72.8041,-244.488,42.2587102640189
"491","4258",0.91,12.9,17,6055,1574,49.2060767071,-1386.56,-117.541,-319.6455,51.184897327695
"492","4259",0.92,13.9,17.6,7684,1515,43.1422942846,-1171.73,-93.8488,-280.81625,41.9005844881384
"493","4285",0.96,23.6,27.7,7002,814,20.4584016789,-1162.5,-18.84265,-94.7314,22.0791845334466
"494","4293",0.48,3.1,6.1,360,360,157.0371248827,-2365.72,147817,11531.3,145.121592511632
"495","4321",0.94,17.8,21.9,8171,1160,24.5120575944,-1002.13,-43.1214,-162.57,25.7039624822074
"496","4333",0.96,24.6,28.4,8927,785,22.0615519278,-1195.41,-16.141,-87.9975,22.2171546036953
"497","4364",0.94,18.3,24.6,7723,1106,28.2461868471,-1271.74,-46.071,-171.59975,29.485931912734
"498","4366",0.94,18.3,22.7,8632,1152,29.9301172309,-1338.55,-39.891,-161.417,29.846036241063
"499","4372",0.95,19.8,25.1,8538,1013,26.1775676099,-1410.03,-34.3863,-142.034,27.8546211785109
"500","4374",0.86,9.9,12.3,6187,2089,79.782880467,-1279.79,-228.262,-481.344,80.8600353700631
"501","4391",0.9,13.6,17.3,6359,1557,58.4580273001,-1406.86,-120.769,-332.886,56.7965512514548
"502","4411",0.9,11,15.1,6519,1774,66.6248838926,-1264.05,-185.531,-420.40125,65.4944588923148
"503","4430",0.97,27.1,33.4,9586,646,19.1204910451,-1011.63,-7.97426,-57.67295,18.8934181131596
"504","4443",0.91,12.4,16.6,6509,1608,61.3526315841,-1493.37,-124.486,-336.8745,59.8568443256298
"505","4444",0.91,12.8,17,6090,1565,47.8526140994,-1328.86,-113.5145,-311.825,49.5882228681348
"506","4447",0.92,13.9,17.8,7694,1510,42.4979758322,-1183.72,-93.41065,-278.72725,42.0170935685616
"507","4450",0.93,16.4,20.1,7362,1277,39.9187501658,-1488.14,-65.58425,-229.65,40.711092991985
"508","4457",0.94,17.3,21.2,8472,1251,32.7740223338,-1327.81,-48.8187,-185.931,32.4047166166583
"509","4474",0.83,8.5,10.9,5169,2205,127.819042048,-1505.69,-294.23,-567.111,119.789072211732
"510","4483",0.86,9.6,13,5236,1969,72.2831735,-1329.79,-226.275,-449.504,75.256741775963
"511","4484",0.87,9.6,13.1,6666,1932,70.0387108525,-1320.61,-205.752,-429.5925,70.5223875259799
"512","4486",0.9,11.4,14.9,7636,1779,42.1984072212,-1006.31,-142.75,-333.369,47.3316376825794
"513","4495",0.93,15.7,20.1,7283,1320,42.4041512064,-1524.14,-71.5982,-242.231,41.6660887036989
"514","4500",0.94,16.6,20.8,8048,1213,34.376448318,-1288.17,-57.56615,-207.87025,34.7638279918736
"515","4513",0.94,18.5,23,7813,1066,29.564658384,-1246.77,-39.2081,-161.422,29.5052110402819
"516","4555",0.95,19.6,24.4,8355,1014,22.8479886238,-995.331,-30.92075,-131.13725,23.2472050609615
"517","4591",0.95,19.6,25.5,7980,994,31.447226529,-1306.19,-34.5999,-151.786,30.4489876810746
"518","4593",0.95,20.8,26.4,7000,936,24.1772359902,-1168.52,-29.98745,-130.5885,24.1393784347097
"519","4617",0.91,12,16,6460,1692,60.8715050135,-1305.32,-151.148,-370.5155,60.7608826300899
"520","4624",0.61,6.7,7.4,1180,1115,174.1163343162,-1719.34,34349.3,-130.38675,166.537755114135
"521","4639",0.88,11,12.9,6064,2317,70.9513775745,-1251.75,-237.808,-483.777,76.4965542787433
"522","4648",0.83,9.3,11,5377,2492,103.8863215654,-1126.88,-182.4,-520.1595,98.1006353697683
"523","4651",0.86,10.8,12.6,5790,2442,51.3620981439,-892.214,-166.252,-431.5405,57.2016008206314
"524","4659",0.86,14.3,15.5,4890,2030,51.3601856823,-1007.47,-121.478,-404.7435,56.4588106062913
"525","4660",0.96,26.7,31.2,7002,827,24.2952975276,-1321.74,-14.1964,-95.3262,24.5305517692225
"526","4667",0.69,6,7.5,1824,1665,128.2720355562,-1278.37,6648.33,-768.8915,147.084226647213
"527","4675",0.88,12.3,14.2,4721,1775,55.2264748827,-1432.58,-167.601,-371.53975,58.7420775653261
"528","4682",0.86,11.8,12.9,4110,1812,56.677556371,-1450.84,-181.986,-405.378,62.2251866147132
"529","4688",0.9,11.4,13,6577,1994,60.2182564612,-1271.47,-218.569,-404.505,62.7748800212745
"530","4690",0.89,12.2,12.4,7268,2417,61.4338181129,-1106.49,-203.9975,-472.68025,66.5860620500093
"531","4691",0.95,17.8,20.8,6670,1209,43.0881804257,-1417.13,-50.6677,-216.9165,40.9716288710586
"532","4704",0.77,6.2,7.3,2608,1891,200.1979902258,-1677.8,8807.085,-757.52875,187.898808096979
"533","4706",0.87,14,14.7,6066,2101,102.9540076543,-1480.27,-139.334,-475.76,91.4133580326573
"534","4707",0.88,14.2,14.7,6212,2239,62.0020780888,-1178.2,-148.601,-430.25,64.019705181612
"535","4710",0.95,22,26.2,6592,917,21.0963579168,-1101.63,-25.23685,-115.72575,22.114705443075
"536","4715",0.89,12.8,15.1,4485,1641,58.3902173298,-1429.22,-130.3415,-344.56625,59.526833797854
"537","4717",0.46,5.7,7.2,268,263,144.2080683009,-2402.01,138398,12474.275,137.376370887224
"538","4727",0.77,9.5,10.2,2335,1512,215.7227208032,-2370.77,4368.085,-756.0555,202.102280791228
"539","4735",0.93,15.7,19.3,6705,1335,42.7210414925,-1238.75,-68.1272,-245.018,40.6859317967611
"540","4757",0.96,21.7,26.2,7109,892,26.2517893806,-1200.15,-23.27845,-117.77225,25.5544387385868
"541","4759",0.89,17.6,17.9,5987,1753,75.890214306,-1692.16,-92.8024,-392.756,71.6531579520524
"542","4760",0.9,14.5,15.4,7599,2263,84.5746016804,-1359.18,-127.236,-446.03,76.013384796428
"543","4773",0.9,13.1,15.9,5558,1614,56.6209967045,-1391.37,-116.348,-337.68,57.2779854118369
"544","4783",0.94,19,23.6,6487,1141,36.6543700649,-1463.93,-41.55625,-191.258,36.7976107657542
"545","4789",0.85,11,14.3,4000,1804,97.9175881831,-1724.17,-190.096,-455.08875,94.7921767331713
"546","4791",0.91,13.1,16.2,5868,1520,58.9340655822,-1354.47,-117.4405,-325.7655,55.6009763234169
"547","4794",0.88,10.7,12.7,6838,2554,102.1325101013,-1502.84,-191.308,-543.49,93.9293911857506
"548","4798",0.86,11.6,12.9,5842,2183,93.6639467975,-1702.48,-156.4135,-475.91325,94.3019636084712
"549","48",0.54,5.7,7.6,1098,1294,128.50649087,-2128.15,20170.4,-510.202,131.894185031542
"550","4804",0.96,26.5,31.6,7386,779,25.7073493141,-1468.78,-13.2717,-90.269975,25.0798689526896
"551","4807",0.96,18.9,25.9,8023,897,24.0241493363,-1461.34,-24.0734,-109.926,24.9890362438119
"552","4818",0.9,16.6,19,5698,1414,46.5675564542,-1353.67,-73.0589,-270.924,45.9716123643421
"553","4829",0.94,26.4,28.3,5817,1061,44.6682435337,-1499.18,-35.2315,-178.938,40.6918620536254
"554","4842",0.96,25,28.4,8206,908,22.2781909825,-1231.91,-18.319,-107.095,23.2360702511727
"555","4846",0.96,26.3,28.8,7744,850,21.8084543092,-1198.77,-18.2429,-104.0735,22.9935506469869
"556","4854",0.96,32.3,35.6,6806,660,17.8305846446,-1239.32,-6.77999,-58.441075,18.9759044602263
"557","4856",0.97,32,36.3,8771,650,18.9154973584,-1224.4,-5.438105,-55.476675,19.1035086937314
"558","4860",0.87,15.5,18.5,4793,1383,48.4103109033,-1377.7,-81.2043,-291.831,49.5787124779499
"559","4864",0.78,10.6,12.6,3445,1734,97.5914944489,-1611.73,-196.409,-464.8835,95.3052746795481
"560","4867",0.81,7.2,9.7,4007,2396,101.8989471562,-1585.55,-352.5715,-565.5875,108.619273551873
"561","4868",0.87,11.7,13.7,4973,1782,63.4657134521,-1521.02,-163.685,-392.673,65.8258086917815
"562","4871",0.86,17,17.5,4340,1548,68.1977265274,-1549.36,-118.7385,-375.9535,68.6939213882015
"563","4873",0.91,15.7,18.7,5759,1424,46.4240913665,-1265.63,-80.4484,-275.472,43.9513723428267
"564","4876",0.87,16.4,19.4,4399,1568,74.0150830332,-1731.51,-89.085,-383.754,73.8858975619881
"565","4889",0.92,20.6,23,6742,1255,33.3866327003,-1186.03,-42.8671,-190.442,33.3390023383481
"566","4890",0.94,21.3,24.4,7094,1117,27.5967078717,-994.317,-37.708,-170.732,28.1678676583724
"567","4898",0.95,22.1,24.9,7480,1050,29.1202694846,-1250.47,-27.9583,-143.87,28.9713992888097
"568","4913",0.54,5.2,6.2,793,710,166.9944556088,-2399.13,76365.95,3093.5025,160.73900399798
"569","4932",0.92,13.4,14.8,7588,1755,46.1817169887,-1233.3,-152.561,-331.2515,48.093084740828
"570","4940",0.95,17.6,22.7,6659,1143,41.0920568287,-1487.75,-48.6596,-204.3075,39.3348594838547
"571","4948",0.93,14.2,16.9,7729,1547,42.4552623745,-1422.4,-118.2875,-281.38425,44.3101052243774
"572","4981",0.86,9.6,11.6,4056,1954,115.2766374945,-1623.56,-261.148,-513.679,108.950856341341
"573","4982",0.91,13.1,15.8,6695,1668,39.025877164,-1074.61,-132.98,-297.13325,42.3341068898271
"574","4998",0.95,17.2,22.2,6418,1099,24.7511103623,-1063.21,-43.3736,-154.96625,25.1215074044235
"575","5009",0.53,4.9,6.5,632,587,165.8550813535,-2808.73,93466.6,5647.03,159.619194711609
"576","5012",0.89,12.3,15.8,5448,1657,60.0004172588,-1392.56,-128.964,-356.7555,60.2083217786112
"577","5013",0.91,15.3,18.9,5591,1503,51.3947319482,-1349.17,-90.5878,-304.569,50.8542361092855
"578","5028",0.93,12.7,17.5,7016,1459,41.1939979471,-1353.85,-94.9777,-269.89925,43.4643364004721
"579","5037",0.87,11.8,13.1,5855,2198,95.9889264959,-1742.33,-156.076,-472.1815,93.793481886884
"580","5041",0.95,21.4,26.3,6965,950,27.6993807245,-1459.35,-26.0809,-132.4425,28.2212044818863
"581","5042",0.86,13.6,14.6,5434,1975,105.169593384,-1726.29,-111.9625,-443.6995,94.3626881490157
"582","5068",0.94,21.6,25.8,6223,1033,34.3613125654,-1425.58,-31.22125,-164.726,34.0576197894492
"583","5090",0.96,27.2,31.3,7938,787,22.912852966,-1315.69,-12.1433,-86.31585,23.1983370136474
"584","5106",0.56,5.1,5.8,893,826,160.4589841685,-1986.53,67250.1,2772.1575,160.887618669729
"585","5127",0.88,21.7,23.2,5077,1495,65.0712084498,-1780.21,-54.3077,-301.8245,63.7697188032289
"586","5129",0.92,20.2,23.1,6724,1249,33.5372531285,-1128.25,-41.3777,-193.448,33.4018088184973
"587","5132",0.94,21.9,25,5968,1092,43.1198884251,-1671.28,-36.2416,-186.78375,40.8950436828792
"588","5148",0.4,3.3,4.9,74,83,152.6047211121,-2426.19,264143,27829.4,129.667090220975
"589","5149",0.74,9.3,11.2,3007,1745,115.6089434446,-1539.77,-170.864,-491.103,108.132838706307
"590","5150",0.75,9.5,13.1,2941,1719,96.4289712117,-1504.27,-178.94,-462.189,93.9123215721452
"591","5166",0.9,18.4,20.5,5516,1921,78.4420535924,-1517.05,-133.045,-453.77125,78.2540947526485
"592","5168",0.92,14.9,23.1,6003,1366,36.1267934903,-1305.09,-58.6166,-221.9225,36.9180155106877
"593","5177",0.93,15.2,25.7,7014,1351,28.6473025362,-1038.16,-46.0253,-185.044,29.5424391010308
"594","5200",0.75,5.6,10,1727,1618,219.2472131967,-1821.65,8019.805,-880.68925,204.838066446618
"595","5206",0.9,10.5,18.2,6053,1805,54.8936844661,-1110.92,-149.027,-377.921,55.0692042409399
"596","5211",0.82,7.4,12.1,4046,2253,100.6016826265,-1286.33,-211.14,-548.005,98.891763477597
"597","5221",0.94,15.9,25.5,7551,1249,32.108502929,-1112.75,-56.5011,-215.452,33.4318705901165
"598","5224",0.92,14.6,21,6593,1416,47.8982831247,-1420.85,-70.9994,-262.864,45.7994920230175
"599","5236",0.95,17.5,29.3,6869,1014,21.8320220754,-1047.64,-32.49595,-138.95725,22.8384514141447
"600","5241",0.96,20.6,34.2,8762,851,21.8617148046,-1044.2,-18.44235,-103.64225,22.1726510755116
"601","5244",0.85,8.2,13.9,4562,2163,88.7510717689,-1373.64,-209.515,-506.87625,91.5623229639698
"602","5254",0.9,10.6,18.4,5730,1756,58.662845414,-1081.2,-153.6475,-384.968,57.1361258868982
"603","5262",0.93,13.1,23.7,5859,1391,56.7573422532,-1395.41,-73.04005,-275.3125,52.0709434336228
"604","5278",0.95,16.5,28.2,7545,1133,28.1061241795,-1247.07,-41.0206,-177.733,29.3810189539025
"605","5287",0.96,21,32.9,6420,860,20.8715998652,-1066.38,-20.6819,-110.162,22.2001426445134
"606","5309",0.93,14.3,23,5763,1341,46.2133397332,-1486.57,-70.987,-260.936,46.7541476354141
"607","5323",0.95,18.3,30.2,7176,1031,27.3433944133,-1348.27,-36.76865,-158.52075,29.7632429519104
"608","5325",0.95,19.3,27.5,6405,1122,40.2119303012,-1474.42,-52.1056,-208.4105,39.8722732973099
"609","5344",0.55,7.5,9.3,1156,1019,133.6438770726,-1688.61,55140.8,57.024,137.423975652707
"610","5357",0.93,16.6,22.9,6529,1255,37.3908942488,-1239,-67.1089,-232.171,38.3317894132637
"611","5359",0.94,17.7,24.8,6816,1215,38.7777022715,-1453.47,-59.02015,-222.62875,39.9167225784827
"612","5374",0.95,22.6,28.2,8082,1077,24.8672802129,-1251.26,-42.80115,-161.271,27.541782056646
"613","5380",0.95,25.6,32.1,7166,937,20.852614011,-1178.11,-31.5561,-126.809,22.9971667484457
"614","5385",0.97,27.2,37.5,8772,755,20.0437594248,-1169.08,-13.85955,-86.91515,21.0559054288766
"615","5397",0.85,9.4,13.6,5041,2144,91.5883188128,-1389.38,-197.0035,-530.6125,92.9106887854011
"616","5403",0.76,6.3,11.1,2889,2179,123.935617956,-1227.88,359.058,-650.714,130.11543395955
"617","5408",0.91,14.7,21.2,6288,1519,46.1528807862,-1316.01,-94.07,-290.855,45.7253457756115
"618","5418",0.91,16.6,23.4,7045,1576,40.8214737944,-1323.05,-103.895,-296.82225,43.5798600536521
"619","5446",0.9,10.9,17.7,6083,1825,55.1794733574,-1131.73,-142.916,-363.697,55.5910030982772
"620","5467",0.95,15.8,27.2,8084,1202,26.7852490199,-973.255,-42.7639,-178.346,27.4128909103897
"621","5472",0.95,16.9,29,7567,1056,30.3954408098,-1310.1,-35.6407,-162.908,30.5913092320077
"622","5484",0.86,8.3,14.6,4504,2079,85.2992943386,-1292.26,-177.558,-460.533,82.2939293713912
"623","5528",0.97,21.6,33.9,8278,805,22.6157109975,-1225.39,-15.154,-95.775725,22.8847718042857
"624","5534",0.82,7.6,16.1,3873,1846,125.9198195582,-1513.54,-160.6235,-521.57725,116.131076265223
"625","5537",0.84,9,16.7,4329,1791,94.443887713,-1661.55,-128.22,-427.903,88.9423810725215
"626","5542",0.89,10.2,17.8,5639,1768,62.5272578929,-1362.99,-124.807,-358.7575,62.0579852741788
"627","5547",0.87,8.7,17.6,4570,1878,67.1929708816,-1288.28,-177.3,-390.399,67.7477286634469
"628","5573",0.96,22.1,34.6,7348,838,26.6473382278,-1427.09,-17.9534,-102.673,26.2462091142455
"629","5589",0.87,14,17.5,6528,2061,68.3374328435,-1285.87,-137.846,-463.316,73.1283409392358
"630","5598",0.94,17.6,26.1,6579,1278,44.097177435,-1482.05,-65.6008,-243.0485,43.2917250952758
"631","56",0.73,8.3,10,2663,2144,77.6607577735,-1423.53,-198.1635,-513.7145,90.0176642819023
"632","5611",0.95,20.4,29.6,8286,1095,24.4369544543,-1177.77,-37.5108,-157.011,26.5411780003485
"633","5613",0.95,21.5,29.8,6981,1039,34.0897425766,-1387.31,-44.86055,-180.555,34.5311014679224
"634","5616",0.95,21.8,30.9,7819,960,27.1507123392,-1297.65,-29.1674,-138.465,27.8197902824789
"635","5636",0.83,9.6,13.3,3750,2084,85.9091442765,-1322.52,-170.515,-505.0275,87.6590758313269
"636","5648",0.91,14.7,19.5,6252,1608,53.7739535116,-1379.65,-110.054,-324.48625,53.5094430368911
"637","5649",0.91,14.9,19,6044,1597,48.7864862579,-1298.35,-111.9205,-315.433,49.9230104547512
"638","5654",0.61,6.7,9,1372,1269,161.589116509,-1869.62,36274.35,-354.22625,164.075958743339
"639","5656",0.84,13,18.3,4595,1952,120.7920238697,-1771.68,-70.9637,-493.253,109.947896007183
"640","567",0.91,14.2,19.8,6642,1475,50.6736334916,-1331.19,-96.1227,-323.059,51.144183676371
"641","569",0.92,15.3,22.1,7469,1380,39.6356083819,-1156.93,-87.4541,-288.264,39.5789542093969
"642","5713",0.77,6.7,10.7,2657,2111,87.9112008444,-1244.01,323.503,-608.4525,108.311598950575
"643","5748",0.82,8.4,23.9,3373,1751,91.9535834127,-1590.78,-102.675,-447.232,90.3658297346259
"644","5751",0.84,9.9,23.7,3780,1718,44.2569697368,-1449.28,-120.482,-331.781,49.0317545247698
"645","5753",0.84,9.1,25.5,4179,1862,65.2213273065,-1393.76,-100.2395,-368.68325,65.3603293332639
"646","5757",0.86,10.4,26.5,3779,1627,80.267703969,-1658.99,-112.908,-389.7525,78.4548697241633
"647","5781",0.77,7.2,18.7,3046,1939,74.333867549,-1683.7,-104.351,-488.398,92.7197836366997
"648","5802",0.87,10.9,28.6,4770,1725,46.9820533004,-1608.29,-98.7114,-308.651,50.7507653161343
"649","581",0.95,22.4,30.6,7621,876,25.5110592357,-1246.03,-25.802,-129.5545,25.5890632449297
"650","5823",0.7,6,17.8,1973,1606,118.7601253799,-2190.15,65.61205,-496.503,121.68226305969
"651","5842",0.81,9.3,24.3,2991,1683,39.6202084725,-1314.28,-122.7635,-330.22375,49.1403521734135
"652","5846",0.52,3.7,13.8,705,970,103.7287845861,-1826.56,13594.2,-287.922,118.00052220131
"653","585",0.96,23.7,31.5,8599,842,24.1401255521,-1090.3,-24.67825,-123.89975,24.1483234548837
"654","5851",0.85,10.6,26.9,4010,1709,42.8450538496,-1299.15,-107.784,-304.8495,45.3023970120581
"655","5863",0.88,13.4,32.5,3804,1345,28.0794836254,-1287.25,-65.65235,-212.0365,35.7091750823151
"656","5877",0.7,5.7,13.3,1948,1457,207.0405020915,-2059.03,4555.46,-693.113,198.884046749422
"657","5881",0.75,6.2,15,2441,1770,181.5532238511,-1850.05,803.418,-688.56,176.613771746783
"658","5898",0.8,8,19.6,4111,1882,131.0658943453,-1621.32,-96.0327,-561.536,123.743857978657
"659","59",0.76,9.8,11.3,3105,2143,71.3824913124,-1505.76,-197.6,-462.596,81.3009230004039
"660","5917",0.44,2.8,11.4,510,546,174.6039448219,-2572.8,56810.65,970.43475,160.322184236373
"661","5925",0.78,6.5,17.1,3308,1884,165.1158747506,-1839,-86.387,-713.9205,160.962689262913
"662","593",0.97,26.2,36,7578,735,26.7482071331,-1243.75,-15.7116,-101.467,25.72112812671
"663","5931",0.66,4.8,12.7,1449,1352,202.3595070809,-2225.78,6948.87,-672.4275,193.870163338938
"664","5938",0.85,11.2,22.4,4242,1804,69.9248529076,-1530.69,-153.981,-428.40225,72.9401314832312
"665","5947",0.88,10.1,23.7,5650,1813,74.3015803222,-1551.81,-146.192,-424.709,74.6137446582681
"666","5953",0.72,5.5,13.9,1994,1603,206.3720341179,-2088.35,3604.66,-720.64,196.851843029275
"667","5958",0.9,14.6,30.2,5591,1483,55.1566873495,-2126.65,-101.742,-307.65775,56.2254356384833
"668","5977",0.71,6.6,16.7,2329,1851,162.0528808887,-1618.83,243.614,-691.484,158.451387497971
"669","5979",0.44,2.9,11,372,590,146.076775279,-2445.6,69446.45,-29.800225,143.986946691138
"670","6003",0.86,11.2,24.3,4527,1699,69.9354097615,-1522.08,-153.894,-383.251,68.4449646926211
"671","6007",0.87,12.5,26.3,4226,1565,42.8003574568,-1275.31,-108.5725,-300.45,43.9659976387646
"672","6011",0.46,3.8,8.9,460,629,142.6570590458,-2536.25,71218.4,1138.79,146.931791961172
"673","6012",0.53,4.3,10.6,679,880,147.3260740397,-2225.77,28334.7,-474.733,146.245970859713
"674","6019",0.81,7.6,12.3,3208,2139,69.0709207658,-1091.61,-220.311,-441.688,74.0493143447939
"675","6033",0.89,13.1,18.2,4494,1645,33.5570498683,-1136.83,-98.2532,-269.326,37.0875725245075
"676","6052",0.93,16.8,23.9,5996,1269,36.4379851953,-1342.09,-55.1281,-212.7655,37.6946995363555
"677","6064",0.87,11.1,13.4,5477,1779,63.4135166889,-1631.07,-141.793,-363.5575,66.7318194992792
"678","6072",0.92,14.7,18.4,5968,1379,36.4772606277,-1241.41,-70.5642,-240.836,37.4372765965337
"679","6084",0.94,19.3,22.7,7512,1079,27.9440919397,-1234.74,-38.3162,-162.564,29.0021720243925
"680","6087",0.94,20.3,21.4,6869,1167,35.3218397525,-1285.37,-43.1468,-197.21975,34.8946024267916
"681","6105",0.87,9.4,13.1,5357,2024,66.0470265536,-1305.21,-184.935,-425.768,68.3814044602471
"682","6114",0.91,12.4,13.9,6903,1679,58.8370574181,-1284.95,-137.158,-368.38975,58.5975947028027
"683","6121",0.94,16,17.6,8217,1327,35.5205655668,-1289.83,-72.26875,-245.213,37.4534336533185
"684","6122",0.88,10.1,13,5997,1866,64.8427439574,-1368.75,-173.144,-391.897,64.9878748580965
"685","6124",0.95,19.2,20.9,7297,1112,36.2159054742,-1217.07,-49.0885,-192.487,34.6790967446271
"686","6157",0.88,10.9,13.1,6533,1882,78.1042331723,-1592.2,-161.4715,-387.4885,73.3646417352766
"687","6176",0.94,17.2,20.3,7422,1119,33.7054340696,-1190.58,-50.42635,-194.92875,32.7434395711574
"688","6189",0.96,20.6,24.3,8541,954,25.9911171063,-1106.01,-32.36495,-143.36475,25.6048823646122
"689","6199",0.97,25.4,29.1,9050,690,20.8707112023,-1197.25,-11.5689,-73.80385,20.9060745980619
"690","6203",0.91,13.5,15.2,5870,1580,56.6158244068,-1138.98,-120.655,-346.2025,55.5961695508889
"691","623",0.88,12.3,17.5,6208,1830,54.7787755031,-1201.81,-142.381,-401.889,57.4578855771594
"692","6235",0.96,22.6,24.3,7815,889,23.342400089,-1258.23,-24.3396,-111.04775,24.3434584957198
"693","6239",0.96,23,25.9,8008,842,26.1275249816,-1465.75,-21.68695,-108.9305,26.0499691931957
"694","6258",0.92,16.6,17.9,7108,1319,41.9525287388,-1332.5,-65.0934,-256.2745,41.1272508854633
"695","6262",0.94,17.9,19.6,8311,1152,26.9061520544,-1113.34,-44.4994,-182.902,27.2848703273607
"696","627",0.97,25.2,36.6,7537,759,26.1600991219,-1129.32,-17.507,-106.0125,25.5955298399921
"697","6271",0.95,23.3,25.1,7965,908,28.0860048188,-1494.47,-23.504,-127.5395,27.7425095468157
"698","6280",0.96,23.9,25.4,8948,903,23.5896190552,-1266.97,-18.8966,-105.4015,23.7759677867273
"699","6285",0.96,24.5,25.9,8948,812,21.8261517669,-1204.29,-16.6706,-96.4695,22.3372941970601
"700","6293",0.97,29.7,31.3,8100,634,20.377554261,-1294.89,-7.12713,-59.419425,20.2936707144134
"701","6297",0.91,14,16,6885,1555,50.0470367368,-1481.26,-101.941,-307.98925,50.076224467219
"702","6326",0.94,19.1,21.5,7627,1093,27.7217948257,-1072.52,-41.5558,-182.6715,28.2724186973198
"703","6328",0.94,19.4,22.2,8055,1140,31.5792678266,-1241.49,-36.27905,-174.97825,30.7270557299042
"704","6356",0.87,8.9,9.8,5525,2183,50.8870464002,-900.123,-241.936,-425.27,60.4343471515409
"705","6357",0.86,8.9,10.7,4999,2155,111.3440418889,-1553.49,-264.297,-501.2405,106.928840378626
"706","6363",0.9,11.7,13.7,5712,1752,73.0277299261,-1508.26,-149.3765,-389.0285,68.9085609565427
"707","6373",0.92,14.2,14.9,7503,1542,34.2709112031,-1049.75,-80.5316,-259.093,36.0490620283457
"708","6385",0.94,18.9,20.7,6139,1076,22.3340289605,-1109.46,-39.5094,-155.1705,24.9480413459586
"709","6388",0.65,3.9,7,929,908,212.5217585857,-2081.75,32494.3,579.967,197.147246860309
"710","6400",0.86,8.4,9.2,5323,2278,54.8080117672,-957.17,-272.986,-444.0865,68.3466767075316
"711","6418",0.9,12.9,13.4,7046,1770,47.1250368378,-1298.47,-105.9285,-297.92175,47.6272762018909
"712","6440",0.57,5.6,6.8,1038,1030,165.939659986,-1903.22,34601.15,-25.439875,161.756545716675
"713","6455",0.91,12,14.8,5883,1693,71.8338084596,-1472.04,-134.411,-361.2575,67.3112917100668
"714","6459",0.91,13.7,15.2,5605,1492,32.5435071626,-1149.89,-88.2408,-258.5965,35.9539210257448
"715","6464",0.92,13.6,16.3,6557,1463,33.031553737,-1223.17,-83.0191,-255.787,36.0987597219538
"716","6467",0.92,15.7,16.9,7121,1459,36.8680741963,-1297.85,-74.8893,-252.3495,38.0765902001883
"717","6477",0.94,17.9,20.4,6589,1136,23.6867167558,-1165.23,-45.3998,-169.2635,25.8143514573031
"718","649",0.98,34.1,46.9,8607,503,18.4250849769,-1167.03,-2.61692,-39.0837,18.8541614826801
"719","6492",0.88,9.5,11.8,5458,2002,81.7726427907,-1270.75,-212.601,-452.045,77.1501170076056
"720","65",0.79,12,13.1,3141,1936,42.9332483893,-1216.2,-163.109,-370.8125,53.7461326485165
"721","6504",0.94,13.8,17.2,6675,1431,49.3564029127,-1308.89,-90.89755,-277.283,45.7550718875188
"722","6522",0.86,9.1,10.2,4929,2143,72.4253899042,-1133.83,-245.243,-470.694,74.6187754580125
"723","6523",0.95,17.3,20.5,7506,1111,29.7749096065,-1217.98,-44.3528,-168.757,29.4884727052866
"724","6533",0.86,8.6,11.1,4619,2138,82.0790301389,-1377.49,-237.474,-467.5475,81.447625897449
"725","6536",0.83,9.3,11.7,4115,1950,102.401956538,-1460.93,-229.229,-484.992,98.1180480399124
"726","655",0.91,11.5,20.5,6398,1662,55.1884199985,-1250.93,-145.411,-380.67,56.3098423714299
"727","67",0.84,10.8,12.9,3603,1767,56.807380238,-1417.69,-162.018,-364.2325,59.0980079552407
"728","670",0.96,22.8,31.1,8434,876,23.5728602035,-1018.3,-25.4592,-126.415,23.9781073960367
"729","681",0.97,26.5,37.1,8876,701,21.2102908352,-1107.72,-13.43985,-85.160325,21.2072010329293
"730","6833",0.89,9.9,19.5,5808,1907,66.3708839547,-1319.01,-184.1725,-385.50175,65.1007331710735
"731","6834",0.89,9.5,18.8,5329,1869,49.3306295701,-1145.1,-171.26,-347.77025,53.5608527220989
"732","684",0.96,24.4,38.5,7962,790,26.0430214378,-1054.23,-14.98305,-101.48375,24.9872118155892
"733","6845",0.93,12.9,24.8,6465,1506,49.249551103,-1331.1,-99.99275,-267.53425,47.0527967252134
"734","685",0.97,26.2,37.5,9255,740,20.1101063921,-942.999,-11.7526,-78.8916,20.0016024832031
"735","6857",0.95,16,29.7,7567,1069,28.0154646364,-1207.78,-35.4927,-144.1545,27.8260769344421
"736","6878",0.9,9.1,19.9,6066,1792,42.0099005196,-1067.75,-166.0605,-341.26125,48.0688983451005
"737","688",0.97,28,38.2,8785,645,16.8046954111,-909.059,-9.29206,-60.5131,17.8972498854343
"738","6882",0.92,12.3,24,5648,1516,36.7037632444,-1139.1,-104.8935,-260.144,38.5325402496264
"739","6883",0.93,12.5,26.5,6883,1354,31.1133249309,-965.449,-72.0362,-218.7255,33.7802474478553
"740","6886",0.93,15.2,23.1,6218,1370,40.1046352143,-1227.47,-88.5688,-244.258,39.6210343833238
"741","6907",0.96,17.4,35,7448,907,23.7500552081,-1206.11,-22.6536,-103.478,23.7073609084601
"742","691",0.97,28.3,38.5,9286,653,18.8879900509,-1191.35,-9.60196,-64.318075,19.3096312469636
"743","6914",0.97,23,42.5,8961,688,18.3252401496,-999.861,-9.14322,-60.31035,18.8892876471247
"744","6924",0.89,8.3,19.3,5653,1948,69.9411829711,-1239.88,-216.135,-418.4435,69.936635536619
"745","6932",0.79,7.2,13.3,3578,2194,93.3636337007,-1216.47,-246.0605,-554.40525,96.1888331984478
"746","6937",0.94,14.4,29.8,6970,1134,32.2987276737,-1215.2,-48.1196,-179.5245,31.2151321770017
"747","6940",0.95,15.3,28.9,8019,1072,19.8441242647,-748.914,-38.4027,-140.4615,22.1885171004495
"748","6942",0.95,16.2,29,7905,1106,27.5751593505,-1158.88,-37.2699,-143.474,27.0873559158883
"749","6943",0.84,6.4,14.4,4558,2325,115.0832063847,-1278.81,-266.1225,-628.6925,120.5512327493
"750","6946",0.95,15.7,31.1,8312,1159,25.9339200345,-1074.09,-35.65105,-148.01725,26.0007022211815
"751","6949",0.96,17.6,32.6,7689,975,19.1915056166,-836.345,-26.6584,-111.561,20.8687425288974
"752","6950",0.96,17,33.5,7056,977,33.3160881189,-1316.92,-28.9733,-132.4615,31.3879353586366
"753","6982",0.95,16.8,29,6569,1102,34.1202352194,-1288.05,-49.624,-173.814,32.9082922160327
"754","6988",0.96,17.3,32.2,8040,927,19.7006634378,-893.561,-27.4968,-112.63125,20.5839348312684
"755","6996",0.96,19.5,35.6,8405,883,21.5535347202,-973.563,-20.8466,-100.168,21.3895947741891
"756","7023",0.93,13.5,24,6703,1442,35.6561755383,-1169.85,-92.4662,-247.636,37.4932933004037
"757","7030",0.95,17.4,29.9,6604,1090,33.084222843,-1350.1,-43.7631,-159.5285,32.5757543729958
"758","7047",0.97,19.3,37.6,8045,800,20.6273243478,-950.768,-18.0606,-88.744375,20.8677785728552
"759","7054",0.97,23,45.4,7935,629,21.0475923474,-1228.42,-7.23963,-56.8805,20.564851543516
"760","7055",0.97,22.6,45.2,7546,615,19.8147585528,-1220.02,-6.80677,-52.6325,19.9886892619572
"761","7069",0.91,14.3,17.6,5354,1423,35.5334675535,-1243.95,-75.613,-275.09125,37.8999218422961
"762","7071",0.91,15,18,6400,1412,35.6825625905,-1168.74,-71.65,-286.9365,37.7770153886729
"763","7075",0.94,17.9,22.7,7032,1125,27.975712203,-1151.01,-38.91645,-170.82175,28.3957731383877
"764","7079",0.95,18.8,22.9,6548,1061,35.8933510474,-1402.15,-37.3066,-182.1735,35.5864189683406
"765","7104",0.97,27.1,32.3,6687,643,17.0721885477,-1144.58,-8.4202,-63.08485,18.5037958119827
"766","7105",0.97,29.3,35.4,8388,607,17.7737899627,-1240.27,-5.61224,-52.7419,18.6133032947887
"767","7115",0.74,7.6,9.3,2699,1796,174.7095915362,-1980.39,376.46,-636.4495,168.082099478733
"768","7122",0.65,4.7,6,1450,1533,163.0193310547,-1408.42,27904.5,132.913,158.938623189014
"769","7140",0.94,16.9,20.9,7031,1161,34.4093941211,-1273.94,-47.2226,-200.383,34.2850900716455
"770","7150",0.65,4.4,6.5,1101,1085,188.203623097,-2280.72,23237.1,-344.86675,187.88849846024
"771","7198",0.67,5.3,6.5,1647,1502,182.1722922696,-2177.04,37846.35,704.2315,181.18351584478
"772","7209",0.87,10.9,13,5503,1894,61.4754707306,-1295.38,-163.623,-415.12375,63.7086537271256
"773","721",0.97,32.9,46,8145,567,19.6077973307,-1352.53,-4.88167,-55.0902,20.2332583299153
"774","7229",0.93,16.4,18.5,7183,1323,33.2812348355,-1292.99,-61.14315,-267.86825,36.6529750506597
"775","7239",0.95,19.7,22.1,6596,1038,22.1670086793,-1106,-45.0323,-182.188,25.7210153912813
"776","7242",0.95,21.1,24.7,6351,901,20.4874598813,-1090.39,-34.6738,-147.57,22.7974733648725
"777","7249",0.78,8.3,9.8,3482,1937,143.367525153,-2104.36,1286.25,-542.964,143.616725090838
"778","7250",0.78,6.9,9.7,3427,2069,145.2680516744,-1918.55,3615.97,-574.874,148.209166361232
"779","7257",0.9,13.1,14.7,6138,1697,52.2217257569,-1181.25,-124.351,-381.993,54.6242883484705
"780","7262",0.83,8.8,10.2,3932,2119,91.5235327203,-1618.1,-169.1465,-487.08975,97.4519559870792
"781","7271",0.94,16,19.1,6792,1276,44.0037788705,-1288.99,-68.2244,-257.78,41.4944593778775
"782","730",0.94,16.4,24.6,7021,1227,38.7178883757,-1087.26,-78.6313,-272.725,37.8668535668985
"783","7304",0.93,16.1,18.2,7663,1269,37.4971171175,-1095.23,-67.6965,-284.5815,37.8137045324576
"784","7308",0.94,18.2,20.8,6722,1145,34.1438564921,-1134.13,-57.105,-258.4695,34.4519471199741
"785","7317",0.94,16.7,20.5,6911,1143,27.9278119845,-1117.62,-52.3977,-195.1845,30.4143426040159
"786","732",0.97,27,41.3,8371,708,23.9925366872,-1102.98,-9.2823,-78.53225,22.6683480922872
"787","7323",0.95,21.4,24.1,8149,1054,33.2161020967,-1145.28,-28.6049,-158.006,30.5857347072626
"788","7337",0.97,26,31.1,8050,683,21.466795201,-1144.25,-12.0365,-81.9971,21.5215732651564
"789","7358",0.86,7.6,12,5465,2102,101.2570832437,-1311.76,-243.281,-533.4735,99.2531865174272
"790","7361",0.95,19.6,23.1,7084,1036,39.3846011112,-1275.2,-37.4771,-187.10125,36.655429113542
"791","7363",0.95,20.8,25.1,7669,943,30.3830547998,-1326.52,-29.4397,-155.831,30.0394511461362
"792","7388",0.97,28.6,34.3,9246,616,19.1346548678,-1013.9,-6.43887,-55.992925,18.9213050434868
"793","7389",0.91,12.8,16.1,6105,1540,59.2098885319,-1194.96,-112.0575,-368.756,56.7169974572802
"794","7415",0.96,22.7,27.2,7178,902,31.4775908518,-1467.92,-23.9101,-137.07,30.340097002342
"795","7425",0.96,23.9,28.8,8229,780,22.3920658542,-1467.73,-15.822,-91.2464,23.3304250155966
"796","7460",0.96,26.1,29.9,7782,769,23.6229999255,-1397.79,-13.96055,-99.399275,24.3591052497771
"797","7472",0.97,31.1,33.9,7706,675,24.9676426145,-1368.03,-8.00742,-78.9536,23.7634942053523
"798","7495",0.91,15.2,16.9,5519,1427,45.6572554617,-1228.05,-83.14105,-302.34775,45.3130143201983
"799","7500",0.92,18.2,19.9,6042,1249,41.2282159547,-1244.85,-52.5177,-248.681,39.8127214689079
"800","7502",0.81,9.7,12.3,4206,1791,84.5037592251,-1387.95,-111.8435,-447.7095,82.6352077129497
"801","7508",0.95,21.7,25,7163,994,30.9782414202,-1233.62,-29.5935,-160.602,30.673191432798
"802","7520",0.96,25.1,28.1,7078,863,32.938547016,-1443.11,-19.3248,-133.217,30.4653067707915
"803","7523",0.96,25.3,28.6,8156,825,25.9535438877,-1301.97,-16.4885,-114.7145,25.4217145413233
"804","7591",0.8,7.6,8.9,3512,2320,91.0978752247,-1235.35,-75.37045,-551.2905,97.3846962275595
"805","7625",0.94,18.2,20.8,6595,1078,28.1432650422,-1378.44,-41.7898,-169.855,30.406973390778
"806","7635",0.63,3.9,5.3,401,565,221.4274148906,-1889.92,48874.3,2067.69,192.542308200473
"807","7671",0.95,19.1,20.3,6500,1066,21.3620078633,-1121.8,-36.4102,-145.232,23.6232516598238
"808","7673",0.95,20.6,22.4,6741,952,26.0638571456,-1360.85,-31.5745,-140.578,27.2452889929149
"809","7686",0.86,9.2,11,4610,2041,98.5144799608,-1372.55,-267.938,-510.505,98.6983812913937
"810","7696",0.92,13.7,17.3,5785,1536,51.3728073398,-1375.14,-113.4615,-322.13725,51.8705110054736
"811","7699",0.93,14.2,16.5,6344,1414,42.4367066304,-1350.34,-86.6644,-273.49875,43.656706206714
"812","771",0.97,28.7,40.5,7782,635,23.1700509811,-1198.22,-9.25697,-72.10865,21.7968708679245
"813","7714",0.94,16.2,18.6,7226,1217,28.5612621797,-1298.91,-53.2981,-192.959,31.4174868577486
"814","7716",0.84,7.9,8.8,4167,2319,96.0712188214,-1135.77,-352.7785,-573.2545,106.082401819499
"815","7717",0.94,17.6,20.4,6944,1155,30.5198505224,-1359.01,-49.0353,-189.798,31.9324564993843
"816","7721",0.95,20.8,23.4,6882,940,26.4893836705,-1335.48,-30.1708,-136.777,27.4290627934623
"817","7735",0.89,11.4,12.9,4833,1798,51.2321412591,-1215.66,-169.405,-389.949,54.9822129785082
"818","7744",0.93,14.8,17.7,6022,1384,45.2106225963,-1469.61,-88.22605,-277.85225,46.2283972748396
"819","7799",0.94,17.3,20.9,6367,1253,42.1546083639,-1515.56,-65.1002,-240.35775,42.1069425574007
"820","7802",0.94,18.1,21.4,6701,1140,26.8194948768,-1218.54,-49.88465,-185.28325,28.6761469045077
"821","7804",0.95,17.4,19.1,7724,1218,28.9650037539,-1121.85,-45.1506,-182.434,29.2231859001058
"822","7808",0.96,19.6,24.1,6571,1032,36.1644274334,-1384.65,-40.86005,-180.3905,35.5828585474967
"823","7812",0.89,9.8,10.9,5008,2040,63.1904937054,-1120,-237.3265,-449.787,68.2610573733562
"824","782",0.97,29.5,41.8,8947,608,18.4378949632,-983.018,-6.10754,-53.833025,18.5001537989218
"825","7820",0.97,23.9,26,8431,780,20.7460784405,-1040.66,-15.8737,-87.5101,21.7724465397153
"826","7846",0.95,21.1,24.2,7578,977,29.3047035636,-1334.38,-31.1895,-141.46375,28.9325966102581
"827","7848",0.9,12.1,13.7,6652,1635,48.0665691394,-1167.4,-125.9155,-321.925,49.363514235557
"828","785",0.98,32.7,45.2,7827,532,21.39833732,-1138.56,-4.697395,-52.0837,20.2425802637849
"829","7856",0.96,22.2,23.9,8632,822,21.8457905812,-1125.85,-18.51375,-92.325425,22.2125720170569
"830","7875",0.59,4.8,12.2,1245,1168,146.6670442772,-2282.23,20743.3,-412.5025,145.592786926616
"831","7896",0.57,4.4,10.7,991,1180,127.3930753932,-2141.17,29011.3,-456.513,139.165997211809
"832","7897",0.84,10.1,22,3999,1736,59.6438338241,-1318.51,-87.81285,-371.288,59.8476879259696
"833","7903",0.87,11.2,23.1,4033,1625,101.4364245152,-1737,-103.392,-429.215,91.1308330798789
"834","7904",0.87,10.8,22.3,4749,1729,56.4549506499,-1459.9,-97.4405,-356.7635,59.7263551083824
"835","7908",0.86,11.6,24.1,4528,1628,62.7318343116,-1640.3,-90.66885,-353.50175,67.4561759832061
"836","7920",0.58,4.3,10,1040,1065,167.0585942467,-2641.11,42211.1,-354.183,164.218101982193
"837","7923",0.77,7.7,19.6,2668,1548,113.6882441274,-1983.1,-70.071,-508.49875,113.465362176066
"838","7925",0.82,10.9,20.7,3108,1665,67.0801482594,-1540.93,-135.506,-427.914,73.1552895543338
"839","7952",0.91,16.5,29.3,5545,1413,39.5029437567,-1763.6,-61.2243,-275.63475,44.2897224812509
"840","7954",0.81,9.1,18.5,3098,1829,83.7690390803,-1498.13,-143.741,-468.462,84.1506942004216
"841","7967",0.77,10.5,15,2464,1521,123.8320575302,-2437.31,-64.73535,-480.74725,125.186627444351
"842","7971",0.69,8.1,17.6,1558,1407,86.6887171077,-1903.26,-63.7079,-423.629,94.3421310234591
"843","7972",0.69,8.9,17.3,1575,1483,66.5702112915,-1440.85,-10.5811,-402.8715,78.7533236969868
"844","7998",0.86,13.5,27.9,3589,1445,42.8896993316,-1404.85,-54.40725,-274.04225,49.2934859214056
"845","8001",0.66,6.3,14.2,1487,1709,91.9245682415,-1617.09,1670.275,-447.72,115.142393668608
"846","801",0.94,19.6,28.7,7043,1073,34.4334192787,-1414.64,-42.5838,-186.709,35.2903021094198
"847","805",0.78,17.8,22.6,1887,1099,39.4594163014,-2539.42,-47.4247,-217.0905,55.872824326997
"848","8051",0.96,23.5,49.6,7045,828,23.0014457828,-1207.61,-10.87765,-89.167925,23.2175543170262
"849","8071",0.94,17,34.3,6453,1171,28.0482946756,-941.765,-43.7232,-187.1165,29.2854652444416
"850","8089",0.95,22.3,45.9,7760,962,26.7817845327,-1322.61,-16.81965,-116.135,27.2477973715911
"851","8090",0.95,22.9,45.7,7659,953,26.6127242156,-1398.79,-16.6815,-115.675,27.2457193451491
"852","8105",0.97,30.5,58.9,8739,636,18.9809511775,-1067.6,-4.26522,-53.7306,19.1021348384928
"853","8110",0.87,12.2,26.6,4423,1523,81.9291930022,-2169.47,-78.3498,-335.86025,77.3460048107763
"854","8122",0.93,19.4,40.5,6418,1091,35.0331753272,-1367.86,-32.6489,-172.7905,35.3720536746833
"855","8125",0.95,19.7,37.2,5905,1036,39.053661392,-1496.26,-30.7285,-170.9045,38.335376803267
"856","8149",0.97,27.7,58.1,7580,686,24.3323792892,-1495.23,-4.98885,-66.6656,23.1143164468334
"857","8154",0.89,12.7,25.8,4396,1485,66.1680366955,-1694.52,-88.3923,-325.204,64.530094820409
"858","8159",0.88,11.9,28.3,4077,1465,73.7422315514,-2052.93,-80.06975,-318.95925,70.7435642854957
"859","8161",0.87,12.8,30.1,4301,1363,68.1629004804,-1925.95,-71.18875,-295.86425,65.6455922113242
"860","8165",0.91,15,32.1,5333,1304,50.3928316129,-1481.48,-62.88,-258.3095,48.4837333595284
"861","8170",0.95,20.7,45.3,6139,969,37.76347051,-1465.35,-22.541,-149.369,35.2135092820847
"862","8171",0.95,20.9,43.8,6280,942,30.8559038788,-1374.46,-20.558,-132.974,30.6192360408651
"863","8175",0.86,11.2,25.8,3811,1517,81.392449466,-1650.61,-99.8452,-389.314,78.2690767021626
"864","8178",0.96,23.6,49.1,7086,900,27.9239654311,-1185.33,-15.155,-110.12,26.97141189392
"865","8199",0.93,16.6,35.8,6636,1189,33.4742621341,-1267.93,-39.3036,-188.75025,33.5707449634895
"866","82",0.85,14.9,16.5,4000,1641,43.4254570083,-1502.49,-119.975,-305.89225,49.2399212593761
"867","8200",0.94,19,39.7,6983,1065,24.9334291129,-1006.17,-29.0388,-149.65525,26.0370679333722
"868","8204",0.91,14.5,33.8,6243,1258,27.5809492952,-980.55,-42.0461,-185.035,29.9720300178915
"869","8227",0.96,28.5,55,7501,689,21.484320413,-1212.12,-5.286,-64.1148,21.028033625064
"870","8228",0.97,29.9,59.4,8024,671,21.2344952312,-1455.14,-4.15893,-58.8132,21.321161632693
"871","8238",0.89,17.1,35.7,4899,1200,43.6749010356,-1458.66,-45.1906,-217.737,44.7325570568706
"872","8251",0.93,19.4,35.8,5781,1204,40.2998335736,-1299.94,-43.0231,-204.5035,40.1820193633098
"873","8252",0.81,9.9,17.1,3098,1819,69.5620990841,-1499.39,-122.359,-435.64675,72.7907006572672
"874","8254",0.93,17.4,34.5,5392,1185,45.6042899721,-1576.46,-39.9069,-204.92825,44.404368533037
"875","8258",0.93,19.8,40.3,5900,1077,34.6157748263,-1347.33,-28.8566,-162.181,34.3117664028384
"876","8262",0.94,20.9,39.9,6875,1043,32.5365030282,-1285.78,-27.9835,-155.09375,32.0954175467814
"877","8280",0.96,28.5,54.6,6200,706,18.5380560774,-1019.43,-6.74926,-65.14495,19.3572486146695
"878","8311",0.87,10.6,23.1,4078,1496,56.6934074106,-1606.2,-95.5072,-359.739,63.9685594863352
"879","8327",0.97,28.2,55.3,7269,682,22.1206460452,-1342.49,-5.84861,-65.958075,21.9590235045794
"880","8333",0.9,14.8,28,4421,1387,50.8728156915,-1361.39,-81.9881,-290.746,50.8342531528055
"881","8346",0.93,16.5,35.5,5310,1161,40.7473547987,-1383,-40.1388,-195.486,40.8149118926228
"882","8373",0.96,25.2,51.9,6656,727,19.9144565025,-1092.25,-8.50652,-72.183,20.3471281638067
"883","8410",0.95,23.5,48.9,7095,904,28.128190328,-1238.5,-15.22485,-110.5605,27.5953114950082
"884","8417",0.96,24.6,50.5,7181,773,26.2111039577,-1497.33,-9.893125,-88.089,25.5196668621204
"885","8435",0.89,17,34.9,4949,1211,46.1360183575,-1597.98,-48.71235,-227.0705,46.9780761785976
"886","8448",0.95,25,49,6655,849,30.8140358088,-1406.34,-13.494,-110.452,29.1415274887084
"887","8451",0.95,24.3,49.3,6336,810,21.3915917392,-1252.81,-12.2299,-91.6126,23.1775427703214
"888","8455",0.89,12.3,28.2,5270,1478,51.0591101179,-1549.31,-77.1276,-287.76975,52.024838679014
"889","8463",0.96,27,54.9,7760,718,20.4146190196,-1460.95,-8.069115,-72.87225,21.7118540958928
"890","8466",0.9,14.1,31,5744,1454,40.9969675839,-1212.82,-66.3902,-252.89175,39.8304462114922
"891","8487",0.89,13,25,5127,1498,51.4639618966,-1583.66,-91.89755,-316.208,53.8525882510364
"892","849",0.79,15.9,22.2,2019,1192,46.5165429464,-2533.06,-51.8152,-230.6215,55.78774244839
"893","8502",0.94,20.1,39.8,6862,1037,32.7371341623,-1344.55,-28.7209,-157.236,32.7603038575193
"894","8517",0.96,25.2,49,6487,812,19.6108081754,-980.121,-12.11075,-87.9537,20.6058078291159
"895","8518",0.96,28.1,55.6,7268,752,25.7826910121,-1447.19,-7.88321,-81.79185,24.6019246237826
"896","856",0.75,18.6,19.6,2274,1586,91.6939982625,-1712.11,-23.8494,-381.1775,93.0323446386251
"897","8594",0.88,9.6,22.1,4692,1840,86.4773539604,-1961.63,-170.8335,-437.24775,87.5196359665412
"898","8599",0.78,6.3,16.3,2302,1649,179.7525517271,-2035.86,218.944,-673.48325,172.94334045906
"899","8630",0.86,8.2,22,4155,1901,104.1564335707,-1895.44,-177.0855,-520.85475,104.287692373685
"900","8631",0.86,7.9,21.2,4244,1913,100.0776560363,-2004.16,-191.403,-509.368,102.460454184132
"901","8635",0.88,8.8,24.5,4848,1810,77.5169851446,-1841.34,-172.1055,-423.501,81.0627304606401
"902","8638",0.89,10.7,24,4397,1687,90.0762117983,-2561.76,-129.9525,-422.66525,91.7885159214735
"903","8642",0.9,9.9,26.5,4907,1693,74.5875578432,-1958.25,-140.103,-390.913,74.2690854377891
"904","8657",0.91,12,28.3,5666,1565,62.8799646356,-2011.36,-106.5415,-329.97275,61.5131308481754
"905","8658",0.84,6.5,19.2,3466,1966,122.6598335969,-1822.44,-158.295,-621.5615,130.994108360642
"906","8662",0.92,12.8,31.8,5993,1463,56.7888745645,-1961.26,-85.2997,-294.917,53.985071857256
"907","8683",0.88,9.6,23.6,5058,1865,80.4798532225,-1842.3,-172.132,-429.84375,81.2459261635344
"908","8692",0.91,10.5,25.6,5384,1619,55.1604530325,-1813.2,-112.233,-321.2955,57.4663392447725
"909","8709",0.92,12.3,29.5,5374,1471,47.8911077012,-1842.9,-81.4007,-263.509,48.4194381147269
"910","8717",0.83,6.5,18.2,3469,2016,142.430105496,-2035.57,-143.856,-633.134,143.053322617972
"911","8719",0.8,7.4,15.8,3237,1876,171.901775496,-2580.45,-39.3989,-635.674,160.476715650448
"912","8732",0.84,7.1,19.9,3467,1900,128.0833582631,-2229.84,-141.8055,-594.39775,129.861314650692
"913","8739",0.91,11,28,4900,1561,57.0537136539,-1842.53,-111.574,-321.2505,57.8226197163587
"914","8749",0.92,11.7,29.2,5725,1509,47.3850273752,-1798.28,-90.06005,-278.5705,48.6602608858884
"915","8769",0.83,6.3,18.2,2810,1866,184.8322818157,-1905.66,-118.622,-743.2725,170.685226417037
"916","8788",0.92,11.2,27.3,5667,1513,49.3239703626,-1829.43,-97.9324,-290.046,49.8944619326504
"917","88",0.9,16.7,19.8,4916,1450,32.6460924878,-1250.41,-71.5867,-226.499,34.2178633350214
"918","881",0.91,40.7,41.9,4544,1158,56.3526509995,-2070.9,-9.924945,-211.8105,54.9414768613692
"919","8871",0.41,5.3,6.4,544,1051,107.6376836021,-1803.92,38077,-356.566,127.767293346822
"920","8883",0.82,11.8,14.4,3669,1910,68.1960803665,-1483.78,-135.921,-409.93475,69.4549273825117
"921","8887",0.85,14.6,17.5,3938,1682,66.3620427096,-1611.68,-110.495,-363.598,67.2273316468723
"922","8894",0.85,12.8,17.6,4017,1730,44.7127177255,-1353.6,-112.4075,-324.6005,48.2867041105561
"923","8903",0.88,15.9,19.4,4656,1538,52.1444160874,-1571.23,-90.92115,-301.10275,53.1562810718866
"924","8928",0.87,12.9,16.4,4533,1770,99.4653344677,-1662.69,-137.146,-468.886,94.9184968117872
"925","8945",0.92,19.6,23.3,5926,1438,62.1664632368,-1779.37,-62.7561,-309.783,57.793515580407
"926","8948",0.92,20.1,22.5,6309,1369,37.2681898799,-1605.26,-61.21315,-248.593,39.1865294835093
"927","8954",0.94,22,26.6,6085,1280,54.0718960821,-1690.58,-61.3732,-263.03825,50.6552884242466
"928","90",0.58,5.1,6.7,1196,1478,118.0951340319,-1740.39,13373.2,-506.28275,126.395726939074
"929","9008",0.91,17.3,21.7,5341,1387,48.116662026,-1513.71,-67.3756,-256.1565,46.5423823746764
"930","904",0.82,26,27,2744,1409,98.6923299855,-1999.92,-19.7843,-343.683,98.8695731736411
"931","9047",0.93,25.9,27.1,5731,1379,62.6807678598,-1742.03,-59.1109,-300.371,59.9279342614304
"932","9050",0.92,18.7,21.4,6039,1373,40.0226025042,-1720.91,-67.35405,-254.68375,42.688803281367
"933","9064",0.95,27,32.9,6895,1057,36.4651796853,-1791.17,-34.2897,-168.411,34.7463957707128
"934","9082",0.85,11.7,14.7,3762,1875,76.6591250029,-1413.11,-154.57,-432.8425,73.1899424959072
"935","9109",0.89,15.4,19,4995,1515,55.6536271299,-1406.69,-90.3606,-301.944,52.8929112992721
"936","9123",0.83,14,15.9,3569,1611,109.4508677861,-1642.45,-115.9975,-469.56625,102.648611748837
"937","9143",0.92,10.6,13.1,2657,1733,237.2560599212,-2437.29,-265.938,-713.926,182.526436530737
"938","9152",0.86,15.6,16.9,5440,1778,71.7447853219,-1908.35,-112.2765,-418.383,76.2080566357624
"939","9174",0.93,22.5,24.4,7417,1380,37.1211002431,-1826.57,-54.416,-229.942,39.1955261941213
"940","918",0.91,41.3,42.8,4171,1156,42.8537712983,-1499.75,-13.8141,-200.373,45.0669993874131
"941","9185",0.94,29,31.5,6488,1064,32.9251693877,-2091.46,-32.77445,-171.743,35.7081972076817
"942","9214",0.9,21,22.3,5698,1444,32.165359291,-1107.71,-64.0845,-250.9285,35.2807388413457
"943","9215",0.9,19.8,21.8,4773,1370,58.6295705781,-1651.27,-67.9019,-284.5045,55.5944828835421
"944","9251",0.78,12.6,15.4,2804,1526,137.4857496944,-1957.54,-118.245,-486.12825,122.901554482726
"945","9277",0.91,21.9,22.7,5967,1462,36.0728822829,-1755.84,-59.7369,-263.899,41.9311346336148
"946","9280",0.91,19.9,22.3,5685,1399,48.6899366082,-2053.63,-64.4944,-280.273,49.3649529556294
"947","9282",0.81,12.3,13.3,2964,1684,114.9398468817,-1743.24,-154.154,-493.568,108.823082506926
"948","9283",0.91,22.2,23.6,5943,1378,47.6985831393,-2029.87,-56.37255,-267.17425,46.8251334624037
"949","9305",0.78,12.5,13.3,2642,1584,117.8133050976,-2120.3,-111.7345,-446.095,114.026861834205
"950","932",0.92,43.3,44.4,4867,1170,32.2365465208,-1254.93,-14.06555,-174.49925,33.9510951155358
"951","9324",0.89,18.3,21.5,4604,1492,52.2690663977,-1347.44,-69.07175,-308.2535,52.5920660414505
"952","9332",0.89,20.5,21.7,5049,1460,50.2577785972,-1506.05,-65.5328,-292.778,50.8624971034794
"953","9349",0.77,7.7,18.9,2271,1551,102.029977001,-1867.82,-85.68555,-454.2815,104.061829317129
"954","9362",0.87,13.6,27,4757,1517,60.372277615,-1637.48,-72.4261,-316.416,60.2866364473269
"955","9385",0.94,20.9,40.5,7452,1075,28.8356990166,-1355.66,-23.498,-144.7385,29.7584689295961
"956","9395",0.74,12.1,14.3,2152,1461,71.6468738428,-1903.42,-100.827,-362.6725,81.3804262763907
"957","9403",0.88,15.4,19.8,4048,1495,45.4995370373,-1400.28,-53.12165,-251.19925,46.6512988877204
"958","9427",0.92,21.1,26.8,4780,1102,29.7144354131,-1599.3,-27.31985,-161.6195,33.1387658034511
"959","9474",0.8,12.2,13.4,2857,1819,76.7645904055,-1429.73,-134.808,-398.616,73.8966998072609
"960","9482",0.95,26.9,32.2,6564,891,24.6182223451,-1485.43,-14.0402,-102.777,25.2581586435326
"961","9483",0.79,12,14.3,2707,1652,86.8000869869,-1768.88,-119.709,-381.344,83.2072719156115
"962","9500",0.73,9.7,12.3,2008,1675,97.0409366504,-1926.96,-174.0005,-439.91125,97.7710858191641
"963","9522",0.8,12.3,13.1,2534,1687,91.9343435212,-1565.3,-139.1825,-411.2385,86.9375914777985
"964","9546",0.88,17.5,20.3,3693,1383,54.8657734488,-1736.22,-55.67485,-268.8885,58.0416445792562
"965","9547",0.89,17.7,21.6,4487,1385,48.9180268547,-1566.03,-47.8021,-248.9305,48.4851832737217
"966","9577",0.95,28.4,34.8,5940,798,24.0404131771,-1842.45,-11.7473,-90.325275,25.214016894489
"967","9599",0.92,22.8,26.5,4753,1140,47.5698879744,-2023.66,-28.9703,-199.094,46.6774602240219
"968","9627",0.82,13.7,17.6,3373,1566,69.1706226751,-1873.34,-77.38305,-315.764,72.8383105743906
"969","963",0.9,26.8,29.1,5341,1560,70.4689435535,-1373.8,-65.4005,-339.889,67.3615167538455
"970","9637",0.77,12.3,13.4,2410,1709,76.8982469875,-1595.14,-126.87,-385.50175,80.2818325713017
"971","9647",0.88,15.9,20.2,3746,1416,76.8605058155,-1784.21,-62.6363,-298.968,69.0610004666127
"972","965",0.9,28.1,30.1,5199,1483,65.3709715272,-1855.79,-64.4415,-324.427,64.386414799136
"973","9652",0.9,18.5,20.6,4656,1391,28.9306183891,-1157.69,-56.6712,-237.13225,32.7492946573561
"974","97",0.21,2.5,4.7,13,15,68.895616671,-3550.31,614086,108320.75,67.832020630819
"975","9725",0.94,16.3,32.2,6410,1076,31.7153075527,-1153.82,-35.5354,-176.688,31.1688057745202
"976","973",0.92,35.9,38.1,6270,1274,48.7284508198,-1465.81,-34.5992,-241.3855,47.8312238450729
"977","9732",0.9,11.6,25.1,5859,1467,62.4130196021,-1574.11,-89.2867,-321.159,58.4625071893455
"978","9742",0.95,19.6,37.6,7344,960,32.362991031,-1341.38,-24.5541,-145.082,31.0435087682343
"979","9752",0.96,21.1,41.4,8313,849,20.6998420497,-938.65,-14.9935,-92.9941,21.0427180785892
"980","9753",0.96,22,42.5,7149,812,31.7170215122,-1419.52,-14.0364,-109.366,29.32427668137
"981","9757",0.88,8.8,20.5,6015,1790,65.6671908922,-1319.39,-119.295,-387.167,64.9097703131843
"982","976",0.9,28.8,30.7,5486,1523,79.9196208581,-1615.94,-52.68165,-334.188,73.8579736971623
"983","9769",0.86,10.3,20.7,4969,1596,83.5508485997,-1861.69,-89.11945,-352.555,78.7075509130625
"984","9786",0.95,18.4,35,6820,1019,39.4199742814,-1651.9,-29.2842,-169.237,37.0877904260655
"985","9821",0.89,12.8,25,5506,1385,58.728640134,-1473.02,-75.831,-301.59,56.3725754287006
"986","9837",0.95,21.5,38.5,6690,840,23.1393827701,-1176.51,-17.00315,-106.9715,23.4331403477258
"987","984",0.93,35.1,38.3,6397,1245,46.4085242462,-1742.26,-42.1276,-234.0685,46.9291528442311
"988","9866",0.89,13,24.6,5443,1450,62.3784581092,-1781.78,-73.3162,-287.4025,58.7880028241786
"989","9884",0.96,24.4,43.7,7759,748,24.4438828225,-1310.18,-10.16585,-88.1003,24.1123215411875
"990","9888",0.97,24.7,44.6,8671,707,22.875541727,-1228.03,-8.393225,-78.968975,22.5401549141854
"991","9897",0.97,25.1,46.1,9026,663,19.9489491822,-1199.03,-6.57435,-63.8817,19.9482638738105
"992","9906",0.97,29.5,50.7,7411,525,16.8924996291,-1267.63,-2.272,-41.5199,18.6136971825247
"993","9914",0.92,15.2,29.3,6077,1234,48.2455544658,-1570.4,-42.041,-213.82875,44.5943126819811
"994","9929",0.95,19.2,37.5,7104,946,30.1519780491,-1252.31,-24.20165,-142.04,29.6622367044565
"995","993",0.95,38.7,42.5,7896,1130,31.715248926,-1247.49,-32.9564,-170.1385,31.6389705424984
"996","9930",0.95,19.3,38.1,6465,913,23.6572773269,-1028.92,-22.0472,-125.67125,23.4867227857622
"997","9955",0.84,11,19.4,4707,1591,83.5311374222,-2000.65,-88.71075,-342.20375,80.3938168898496
"998","996",0.84,22.3,23.6,2896,1456,103.4572519376,-1877.62,-54.1029,-436.727,102.824497663727
"999","9981",0.94,19.1,35.6,7007,1039,39.3454108444,-1457.26,-25.3983,-158.748,36.2420696928547
"1000","999",0.77,17.1,18.4,2326,1380,130.9452271322,-2484.3,-32.5847,-415.299,119.670278322473
